Unity Editor version:    2022.3.61f1 (6c53ebaf375d)
Branch:                  2022.3/release
Build type:              Release
Batch mode:              YES
macOS version:           Version 14.1 (Build 23B2073)
Darwin version:          23.1.0
Architecture:            arm64
Running under Rosetta:   NO
Available memory:        8192 MB
Using pre-set license
Pro License: YES

COMMAND LINE ARGUMENTS:
/Applications/Unity/Hub/Editor/2022.3.61f1/Unity.app/Contents/MacOS/Unity
-adb2
-batchMode
-noUpm
-name
AssetImportWorker0
-projectPath
/Users/v/Desktop/DES427-Shinigami/427 - Shinigami
-logFile
Logs/AssetImportWorker0.log
-srvPort
58325
Successfully changed project path to: /Users/v/Desktop/DES427-Shinigami/427 - Shinigami
/Users/v/Desktop/DES427-Shinigami/427 - Shinigami
[UnityMemory] Configuration Parameters - Can be set up in boot.config
    "memorysetup-bucket-allocator-granularity=16"
    "memorysetup-bucket-allocator-bucket-count=8"
    "memorysetup-bucket-allocator-block-size=33554432"
    "memorysetup-bucket-allocator-block-count=8"
    "memorysetup-main-allocator-block-size=16777216"
    "memorysetup-thread-allocator-block-size=16777216"
    "memorysetup-gfx-main-allocator-block-size=16777216"
    "memorysetup-gfx-thread-allocator-block-size=16777216"
    "memorysetup-cache-allocator-block-size=4194304"
    "memorysetup-typetree-allocator-block-size=2097152"
    "memorysetup-profiler-bucket-allocator-granularity=16"
    "memorysetup-profiler-bucket-allocator-bucket-count=8"
    "memorysetup-profiler-bucket-allocator-block-size=33554432"
    "memorysetup-profiler-bucket-allocator-block-count=8"
    "memorysetup-profiler-allocator-block-size=16777216"
    "memorysetup-profiler-editor-allocator-block-size=1048576"
    "memorysetup-temp-allocator-size-main=16777216"
    "memorysetup-job-temp-allocator-block-size=2097152"
    "memorysetup-job-temp-allocator-block-size-background=1048576"
    "memorysetup-job-temp-allocator-reduction-small-platforms=262144"
    "memorysetup-allocator-temp-initial-block-size-main=262144"
    "memorysetup-allocator-temp-initial-block-size-worker=262144"
    "memorysetup-temp-allocator-size-background-worker=32768"
    "memorysetup-temp-allocator-size-job-worker=262144"
    "memorysetup-temp-allocator-size-preload-manager=33554432"
    "memorysetup-temp-allocator-size-nav-mesh-worker=65536"
    "memorysetup-temp-allocator-size-audio-worker=65536"
    "memorysetup-temp-allocator-size-cloud-worker=32768"
    "memorysetup-temp-allocator-size-gi-baking-worker=262144"
    "memorysetup-temp-allocator-size-gfx=262144"
Player connection [8117493440]  Target information:

Player connection [8117493440]  * "[IP] 10.143.166.206 [Port] 0 [Flags] 2 [Guid] 1514713311 [EditorId] 1514713311 [Version] 1048832 [Id] OSXEditor(0,sfs-wifi-dhcp-10-143-166-206.wifi.sfsu.edu) [Debug] 1 [PackageName] OSXEditor [ProjectName] Editor" 

Player connection [8117493440] Host joined multi-casting on [225.0.0.222:54997]...
Player connection [8117493440] Host joined alternative multi-casting on [225.0.0.222:34997]...
Input System module state changed to: Initialized.
[PhysX] Initialized MultithreadedTaskDispatcher with 8 workers.
Refreshing native plugins compatible for Editor in 15.80 ms, found 2 plugins.
Preloading 0 native plugins for Editor in 0.00 ms.
Initialize engine version: 2022.3.61f1 (6c53ebaf375d)
[Subsystems] Discovering subsystems at path /Applications/Unity/Hub/Editor/2022.3.61f1/Unity.app/Contents/Resources/UnitySubsystems
[Subsystems] Discovering subsystems at path /Users/v/Desktop/DES427-Shinigami/427 - Shinigami/Assets
GfxDevice: creating device client; threaded=0; jobified=0
 preferred device: Apple M3 (high power)
Metal devices available: 1
0: Apple M3 (high power)
Using device Apple M3 (high power)
Initializing Metal device caps: Apple M3
Initialize mono
Mono path[0] = '/Applications/Unity/Hub/Editor/2022.3.61f1/Unity.app/Contents/Managed'
Mono path[1] = '/Applications/Unity/Hub/Editor/2022.3.61f1/Unity.app/Contents/MonoBleedingEdge/lib/mono/unityjit-macos'
Mono config path = '/Applications/Unity/Hub/Editor/2022.3.61f1/Unity.app/Contents/MonoBleedingEdge/etc'
Using monoOptions --debugger-agent=transport=dt_socket,embedding=1,server=y,suspend=n,address=127.0.0.1:56796
Begin MonoManager ReloadAssembly
Registering precompiled unity dll's ...
Register platform support module: /Applications/Unity/Hub/Editor/2022.3.61f1/Unity.app/Contents/PlaybackEngines/MacStandaloneSupport/UnityEditor.OSXStandalone.Extensions.dll
Registered in 0.002705 seconds.
- Loaded All Assemblies, in  0.265 seconds
Native extension for OSXStandalone target not found
Mono: successfully reloaded assembly
- Finished resetting the current domain, in  0.154 seconds
Domain Reload Profiling: 420ms
	BeginReloadAssembly (96ms)
		ExecutionOrderSort (0ms)
		DisableScriptedObjects (0ms)
		BackupInstance (0ms)
		ReleaseScriptingObjects (0ms)
		CreateAndSetChildDomain (0ms)
	RebuildCommonClasses (29ms)
	RebuildNativeTypeToScriptingClass (8ms)
	initialDomainReloadingComplete (32ms)
	LoadAllAssembliesAndSetupDomain (100ms)
		LoadAssemblies (96ms)
		RebuildTransferFunctionScriptingTraits (0ms)
		AnalyzeDomain (98ms)
			TypeCache.Refresh (98ms)
				TypeCache.ScanAssembly (84ms)
			ScanForSourceGeneratedMonoScriptInfo (0ms)
			ResolveRequiredComponents (0ms)
	FinalizeReload (155ms)
		ReleaseScriptCaches (0ms)
		RebuildScriptCaches (0ms)
		SetupLoadedEditorAssemblies (128ms)
			LogAssemblyErrors (0ms)
			InitializePlatformSupportModulesInManaged (6ms)
			SetLoadedEditorAssemblies (5ms)
			RefreshPlugins (0ms)
			BeforeProcessingInitializeOnLoad (1ms)
			ProcessInitializeOnLoadAttributes (84ms)
			ProcessInitializeOnLoadMethodAttributes (32ms)
			AfterProcessingInitializeOnLoad (0ms)
			EditorAssembliesLoaded (0ms)
		ExecutionOrderSort2 (0ms)
		AwakeInstancesAfterBackupRestoration (0ms)
========================================================================
Worker process is ready to serve import requests
Caller must complete domain reload
Begin MonoManager ReloadAssembly
- Loaded All Assemblies, in  0.647 seconds
Native extension for OSXStandalone target not found
Mono: successfully reloaded assembly
- Finished resetting the current domain, in  0.453 seconds
Domain Reload Profiling: 1115ms
	BeginReloadAssembly (114ms)
		ExecutionOrderSort (0ms)
		DisableScriptedObjects (4ms)
		BackupInstance (0ms)
		ReleaseScriptingObjects (0ms)
		CreateAndSetChildDomain (26ms)
	RebuildCommonClasses (20ms)
	RebuildNativeTypeToScriptingClass (7ms)
	initialDomainReloadingComplete (25ms)
	LoadAllAssembliesAndSetupDomain (494ms)
		LoadAssemblies (310ms)
		RebuildTransferFunctionScriptingTraits (0ms)
		AnalyzeDomain (211ms)
			TypeCache.Refresh (189ms)
				TypeCache.ScanAssembly (158ms)
			ScanForSourceGeneratedMonoScriptInfo (14ms)
			ResolveRequiredComponents (7ms)
	FinalizeReload (454ms)
		ReleaseScriptCaches (0ms)
		RebuildScriptCaches (0ms)
		SetupLoadedEditorAssemblies (351ms)
			LogAssemblyErrors (0ms)
			InitializePlatformSupportModulesInManaged (2ms)
			SetLoadedEditorAssemblies (3ms)
			RefreshPlugins (0ms)
			BeforeProcessingInitializeOnLoad (44ms)
			ProcessInitializeOnLoadAttributes (250ms)
			ProcessInitializeOnLoadMethodAttributes (51ms)
			AfterProcessingInitializeOnLoad (1ms)
			EditorAssembliesLoaded (0ms)
		ExecutionOrderSort2 (0ms)
		AwakeInstancesAfterBackupRestoration (3ms)
Launching external process: /Applications/Unity/Hub/Editor/2022.3.61f1/Unity.app/Contents/Tools/UnityShaderCompiler
Launched and connected shader compiler UnityShaderCompiler after 0.29 seconds
Refreshing native plugins compatible for Editor in 5.29 ms, found 2 plugins.
Preloading 0 native plugins for Editor in 0.00 ms.
Unloading 5585 Unused Serialized files (Serialized files now loaded: 0)
Unloading 41 unused Assets / (434.7 KB). Loaded Objects now: 6050.
Memory consumption went from 232.7 MB to 232.3 MB.
Total: 24.201125 ms (FindLiveObjects: 1.305958 ms CreateObjectMapping: 0.168292 ms MarkObjects: 19.544500 ms  DeleteObjects: 3.177458 ms)

AssetImportParameters requested are different than current active one (requested -> active):
  custom:container-demuxer-ogg: 62fdf1f143b41e24485cea50d1cbac27 -> 
  custom:video-decoder-ogg-theora: a1e56fd34408186e4bbccfd4996cb3dc -> 
  custom:CustomObjectIndexerAttribute: 72b91833f83ae208fae7752999fa3104 -> 
  custom:container-demuxer-webm: 4f35f7cbe854078d1ac9338744f61a02 -> 
  custom:container-muxer-webm: aa71ff27fc2769a1b78a27578f13a17b -> 
  custom:video-decoder-webm-vp8: 9c59270c3fd7afecdb556c50c9e8de78 -> 
  custom:SearchIndexIgnoredProperties: e643bd26f0fe6173181afceb89e7c659 -> 
  custom:AudioImporter_EditorPlatform: 3918e3fc78b5a79bad01e8451be0beb8 -> 
  custom:framework-osx-AVFoundation: e770b220cccbd017edd2c1fefb359320 -> 
  custom:video-encoder-webm-vp8: eb34c28f22e8b96e1ab97ce403110664 -> 
  custom:audio-decoder-ogg-vorbis: bf7c407c2cedff20999df2af8eb42d56 -> 
  custom:audio-encoder-webm-vorbis: bf7c407c2cedff20999df2af8eb42d56 -> 
========================================================================
Received Import Request.
  Time since last request: 34423.424429 seconds.
  path: Assets/Vefects/Free Fire VFX URP/Scene/Textures/Metrics_Grid_Base_Color.TGA
  artifactKey: Guid(3f714c4a1943e8a49ab4cb3989a45290) Importer(815301076,1909f56bfc062723c751e8b465ee728b)
Start importing Assets/Vefects/Free Fire VFX URP/Scene/Textures/Metrics_Grid_Base_Color.TGA using Guid(3f714c4a1943e8a49ab4cb3989a45290) Importer(815301076,1909f56bfc062723c751e8b465ee728b) [PhysX] Initialized MultithreadedTaskDispatcher with 8 workers.
[PhysX] Initialized MultithreadedTaskDispatcher with 8 workers.
 -> (artifact id: '0fdb325b83336a15cd97295dd32d5abf') in 0.117441 seconds
Number of updated asset objects reloaded before import = 0
Number of asset objects unloaded after import = 2
========================================================================
Received Import Request.
  Time since last request: 4.369383 seconds.
  path: Assets/Old Sign Roads/Materials
  artifactKey: Guid(f98a65aa3cde30b40b233834ce8f0876) Importer(815301076,1909f56bfc062723c751e8b465ee728b)
Start importing Assets/Old Sign Roads/Materials using Guid(f98a65aa3cde30b40b233834ce8f0876) Importer(815301076,1909f56bfc062723c751e8b465ee728b) [PhysX] Initialized MultithreadedTaskDispatcher with 8 workers.
 -> (artifact id: '1d65fcb309dc28d4f67fe6cc9ad3b112') in 0.001839 seconds
Number of updated asset objects reloaded before import = 0
Number of asset objects unloaded after import = 0
========================================================================
Received Import Request.
  Time since last request: 0.230395 seconds.
  path: Assets/Old Sign Roads/Materials/road_signs.mat
  artifactKey: Guid(8e5dee382b806ea40a70d1496423ebed) Importer(815301076,1909f56bfc062723c751e8b465ee728b)
Start importing Assets/Old Sign Roads/Materials/road_signs.mat using Guid(8e5dee382b806ea40a70d1496423ebed) Importer(815301076,1909f56bfc062723c751e8b465ee728b) [PhysX] Initialized MultithreadedTaskDispatcher with 8 workers.
[PhysX] Initialized MultithreadedTaskDispatcher with 8 workers.
 -> (artifact id: '330955d9f54bb10b60f3ff34f3ce6be5') in 0.300404 seconds
Number of updated asset objects reloaded before import = 0
Number of asset objects unloaded after import = 23
========================================================================
Received Import Request.
  Time since last request: 1.380685 seconds.
  path: Assets/Old Sign Roads/Mesh/road sign_iron_road_stop.FBX
  artifactKey: Guid(7f9fc65b933188f4d9e48fb97174eadd) Importer(815301076,1909f56bfc062723c751e8b465ee728b)
Start importing Assets/Old Sign Roads/Mesh/road sign_iron_road_stop.FBX using Guid(7f9fc65b933188f4d9e48fb97174eadd) Importer(815301076,1909f56bfc062723c751e8b465ee728b) [PhysX] Initialized MultithreadedTaskDispatcher with 8 workers.
[PhysX] Initialized MultithreadedTaskDispatcher with 8 workers.
[PhysX] Initialized MultithreadedTaskDispatcher with 8 workers.
 -> (artifact id: 'd4efadaf0a72c0f63099ff005f25801e') in 0.105150 seconds
Number of updated asset objects reloaded before import = 0
Number of asset objects unloaded after import = 13
========================================================================
Received Import Request.
  Time since last request: 0.000943 seconds.
  path: Assets/Old Sign Roads/Mesh/road_sign_child_stop.FBX
  artifactKey: Guid(a469d7e83e9ab594f90d2fb7e69ee0f5) Importer(815301076,1909f56bfc062723c751e8b465ee728b)
Start importing Assets/Old Sign Roads/Mesh/road_sign_child_stop.FBX using Guid(a469d7e83e9ab594f90d2fb7e69ee0f5) Importer(815301076,1909f56bfc062723c751e8b465ee728b) [PhysX] Initialized MultithreadedTaskDispatcher with 8 workers.
[PhysX] Initialized MultithreadedTaskDispatcher with 8 workers.
[PhysX] Initialized MultithreadedTaskDispatcher with 8 workers.
 -> (artifact id: '8952d3863e5cabdd3585785a12affff1') in 0.021808 seconds
Number of updated asset objects reloaded before import = 0
Number of asset objects unloaded after import = 13
========================================================================
Received Import Request.
  Time since last request: 0.000104 seconds.
  path: Assets/Old Sign Roads/Mesh/road sign_main.FBX
  artifactKey: Guid(6bc7e05dab329b342bb5b49fd33a3674) Importer(815301076,1909f56bfc062723c751e8b465ee728b)
Start importing Assets/Old Sign Roads/Mesh/road sign_main.FBX using Guid(6bc7e05dab329b342bb5b49fd33a3674) Importer(815301076,1909f56bfc062723c751e8b465ee728b) [PhysX] Initialized MultithreadedTaskDispatcher with 8 workers.
[PhysX] Initialized MultithreadedTaskDispatcher with 8 workers.
[PhysX] Initialized MultithreadedTaskDispatcher with 8 workers.
 -> (artifact id: 'd31269087eeb61b4f273968fd10728b0') in 0.018790 seconds
Number of updated asset objects reloaded before import = 0
Number of asset objects unloaded after import = 12
========================================================================
Received Import Request.
  Time since last request: 0.000079 seconds.
  path: Assets/Old Sign Roads/Mesh/road_sign_stop_2.FBX
  artifactKey: Guid(44002a74168d47643a4347636e2f3bce) Importer(815301076,1909f56bfc062723c751e8b465ee728b)
Start importing Assets/Old Sign Roads/Mesh/road_sign_stop_2.FBX using Guid(44002a74168d47643a4347636e2f3bce) Importer(815301076,1909f56bfc062723c751e8b465ee728b) [PhysX] Initialized MultithreadedTaskDispatcher with 8 workers.
[PhysX] Initialized MultithreadedTaskDispatcher with 8 workers.
[PhysX] Initialized MultithreadedTaskDispatcher with 8 workers.
 -> (artifact id: 'f1e87e269796412cb720d19cddb25234') in 0.036002 seconds
Number of updated asset objects reloaded before import = 0
Number of asset objects unloaded after import = 12
========================================================================
Received Import Request.
  Time since last request: 0.001608 seconds.
  path: Assets/Old Sign Roads/Mesh/road_sign_60_limit.FBX
  artifactKey: Guid(01b96bf7e7765b24fb324bc72c7e8afe) Importer(815301076,1909f56bfc062723c751e8b465ee728b)
Start importing Assets/Old Sign Roads/Mesh/road_sign_60_limit.FBX using Guid(01b96bf7e7765b24fb324bc72c7e8afe) Importer(815301076,1909f56bfc062723c751e8b465ee728b) [PhysX] Initialized MultithreadedTaskDispatcher with 8 workers.
[PhysX] Initialized MultithreadedTaskDispatcher with 8 workers.
[PhysX] Initialized MultithreadedTaskDispatcher with 8 workers.
 -> (artifact id: '90799588dd7916d73448a8c11028f02e') in 0.023311 seconds
Number of updated asset objects reloaded before import = 0
Number of asset objects unloaded after import = 12
========================================================================
Received Import Request.
  Time since last request: 0.000128 seconds.
  path: Assets/Old Sign Roads/Mesh/road_sign_crosswalk.FBX
  artifactKey: Guid(765cda34d3484d6488a9276da5cc1935) Importer(815301076,1909f56bfc062723c751e8b465ee728b)
Start importing Assets/Old Sign Roads/Mesh/road_sign_crosswalk.FBX using Guid(765cda34d3484d6488a9276da5cc1935) Importer(815301076,1909f56bfc062723c751e8b465ee728b) [PhysX] Initialized MultithreadedTaskDispatcher with 8 workers.
[PhysX] Initialized MultithreadedTaskDispatcher with 8 workers.
[PhysX] Initialized MultithreadedTaskDispatcher with 8 workers.
 -> (artifact id: '9bf32fa429c7dbaac61876d4e851610f') in 0.018319 seconds
Number of updated asset objects reloaded before import = 0
Number of asset objects unloaded after import = 12
========================================================================
Received Import Request.
  Time since last request: 0.000037 seconds.
  path: Assets/Old Sign Roads/Mesh/road_sign_stop_3.FBX
  artifactKey: Guid(ac6076b849cab1b46bee82f9995f32fe) Importer(815301076,1909f56bfc062723c751e8b465ee728b)
Start importing Assets/Old Sign Roads/Mesh/road_sign_stop_3.FBX using Guid(ac6076b849cab1b46bee82f9995f32fe) Importer(815301076,1909f56bfc062723c751e8b465ee728b) [PhysX] Initialized MultithreadedTaskDispatcher with 8 workers.
[PhysX] Initialized MultithreadedTaskDispatcher with 8 workers.
[PhysX] Initialized MultithreadedTaskDispatcher with 8 workers.
 -> (artifact id: 'b9ab44d85a25ce7dc8796a22f5c8a08e') in 0.018408 seconds
Number of updated asset objects reloaded before import = 0
Number of asset objects unloaded after import = 12
========================================================================
Received Import Request.
  Time since last request: 0.000042 seconds.
  path: Assets/Old Sign Roads/Mesh/road_sign_metal_pole.FBX
  artifactKey: Guid(4b8b7b6d567b6ae4ebe8df13d9057761) Importer(815301076,1909f56bfc062723c751e8b465ee728b)
Start importing Assets/Old Sign Roads/Mesh/road_sign_metal_pole.FBX using Guid(4b8b7b6d567b6ae4ebe8df13d9057761) Importer(815301076,1909f56bfc062723c751e8b465ee728b) [PhysX] Initialized MultithreadedTaskDispatcher with 8 workers.
[PhysX] Initialized MultithreadedTaskDispatcher with 8 workers.
[PhysX] Initialized MultithreadedTaskDispatcher with 8 workers.
 -> (artifact id: '8850ea3bc525795400f436c40c8c442b') in 0.014736 seconds
Number of updated asset objects reloaded before import = 0
Number of asset objects unloaded after import = 12
========================================================================
Received Import Request.
  Time since last request: 0.000052 seconds.
  path: Assets/Old Sign Roads/Mesh/road_sign_stop_1.FBX
  artifactKey: Guid(998ab9d2486e9df4486cb6e5454aacec) Importer(815301076,1909f56bfc062723c751e8b465ee728b)
Start importing Assets/Old Sign Roads/Mesh/road_sign_stop_1.FBX using Guid(998ab9d2486e9df4486cb6e5454aacec) Importer(815301076,1909f56bfc062723c751e8b465ee728b) [PhysX] Initialized MultithreadedTaskDispatcher with 8 workers.
[PhysX] Initialized MultithreadedTaskDispatcher with 8 workers.
[PhysX] Initialized MultithreadedTaskDispatcher with 8 workers.
 -> (artifact id: '07a0ce0e843043af917dd3726c17c130') in 0.034009 seconds
Number of updated asset objects reloaded before import = 0
Number of asset objects unloaded after import = 13
========================================================================
Received Import Request.
  Time since last request: 0.000359 seconds.
  path: Assets/Old Sign Roads/Mesh/road_sign_bus_stop.FBX
  artifactKey: Guid(a87b1013b3d04944c8c4aceb1aee0d3f) Importer(815301076,1909f56bfc062723c751e8b465ee728b)
Start importing Assets/Old Sign Roads/Mesh/road_sign_bus_stop.FBX using Guid(a87b1013b3d04944c8c4aceb1aee0d3f) Importer(815301076,1909f56bfc062723c751e8b465ee728b) [PhysX] Initialized MultithreadedTaskDispatcher with 8 workers.
[PhysX] Initialized MultithreadedTaskDispatcher with 8 workers.
[PhysX] Initialized MultithreadedTaskDispatcher with 8 workers.
 -> (artifact id: '92aba7a42b9b82dee1de7addf67c55e5') in 0.019788 seconds
Number of updated asset objects reloaded before import = 0
Number of asset objects unloaded after import = 13
========================================================================
Received Import Request.
  Time since last request: 0.525695 seconds.
  path: Assets/Old Sign Roads/Prefabs/road sign_iron_road_stop.prefab
  artifactKey: Guid(4852076755d15154e9d1da5b2a9cac83) Importer(815301076,1909f56bfc062723c751e8b465ee728b)
Start importing Assets/Old Sign Roads/Prefabs/road sign_iron_road_stop.prefab using Guid(4852076755d15154e9d1da5b2a9cac83) Importer(815301076,1909f56bfc062723c751e8b465ee728b) [PhysX] Initialized MultithreadedTaskDispatcher with 8 workers.
[PhysX] Initialized MultithreadedTaskDispatcher with 8 workers.
 -> (artifact id: 'f0cd1ba524d588cdfc830c26bdfc39fb') in 0.021651 seconds
Number of updated asset objects reloaded before import = 0
Number of asset objects unloaded after import = 13
========================================================================
Received Import Request.
  Time since last request: 0.000410 seconds.
  path: Assets/Old Sign Roads/Prefabs/road_sign_child_stop.prefab
  artifactKey: Guid(bc26d215290e24b4e8f9ba642515fc3c) Importer(815301076,1909f56bfc062723c751e8b465ee728b)
Start importing Assets/Old Sign Roads/Prefabs/road_sign_child_stop.prefab using Guid(bc26d215290e24b4e8f9ba642515fc3c) Importer(815301076,1909f56bfc062723c751e8b465ee728b) [PhysX] Initialized MultithreadedTaskDispatcher with 8 workers.
[PhysX] Initialized MultithreadedTaskDispatcher with 8 workers.
 -> (artifact id: 'b724e26bb6eb8915d8aed607af8f7851') in 0.017205 seconds
Number of updated asset objects reloaded before import = 0
Number of asset objects unloaded after import = 13
========================================================================
Received Import Request.
  Time since last request: 0.000195 seconds.
  path: Assets/Old Sign Roads/Prefabs/road_sign_stop_2.prefab
  artifactKey: Guid(0eac98481178120488bb1f58b4b66a7b) Importer(815301076,1909f56bfc062723c751e8b465ee728b)
Start importing Assets/Old Sign Roads/Prefabs/road_sign_stop_2.prefab using Guid(0eac98481178120488bb1f58b4b66a7b) Importer(815301076,1909f56bfc062723c751e8b465ee728b) [PhysX] Initialized MultithreadedTaskDispatcher with 8 workers.
[PhysX] Initialized MultithreadedTaskDispatcher with 8 workers.
 -> (artifact id: '40e7511a921e0ce5195ce7b47facb0f1') in 0.014044 seconds
Number of updated asset objects reloaded before import = 0
Number of asset objects unloaded after import = 13
========================================================================
Received Import Request.
  Time since last request: 0.001216 seconds.
  path: Assets/Old Sign Roads/Prefabs/road_sign_crosswalk.prefab
  artifactKey: Guid(b3ea278cf3d63a446a6ee979eb36fece) Importer(815301076,1909f56bfc062723c751e8b465ee728b)
Start importing Assets/Old Sign Roads/Prefabs/road_sign_crosswalk.prefab using Guid(b3ea278cf3d63a446a6ee979eb36fece) Importer(815301076,1909f56bfc062723c751e8b465ee728b) [PhysX] Initialized MultithreadedTaskDispatcher with 8 workers.
[PhysX] Initialized MultithreadedTaskDispatcher with 8 workers.
 -> (artifact id: '1af14e4ab27bf53e8489b4ab1854831b') in 0.017174 seconds
Number of updated asset objects reloaded before import = 0
Number of asset objects unloaded after import = 13
========================================================================
Received Import Request.
  Time since last request: 0.000074 seconds.
  path: Assets/Old Sign Roads/Prefabs/road_sign_stop_3.prefab
  artifactKey: Guid(d3813246ce33ea04db585f0d3d6e5567) Importer(815301076,1909f56bfc062723c751e8b465ee728b)
Start importing Assets/Old Sign Roads/Prefabs/road_sign_stop_3.prefab using Guid(d3813246ce33ea04db585f0d3d6e5567) Importer(815301076,1909f56bfc062723c751e8b465ee728b) [PhysX] Initialized MultithreadedTaskDispatcher with 8 workers.
[PhysX] Initialized MultithreadedTaskDispatcher with 8 workers.
 -> (artifact id: '64a6e79723c9c3634f4a05f8a76c6635') in 0.012989 seconds
Number of updated asset objects reloaded before import = 0
Number of asset objects unloaded after import = 13
========================================================================
Received Import Request.
  Time since last request: 0.664520 seconds.
  path: Assets/Old Sign Roads/Scene/Background.mat
  artifactKey: Guid(6511309f2d5d65e4683a55a3e2d103f9) Importer(815301076,1909f56bfc062723c751e8b465ee728b)
Start importing Assets/Old Sign Roads/Scene/Background.mat using Guid(6511309f2d5d65e4683a55a3e2d103f9) Importer(815301076,1909f56bfc062723c751e8b465ee728b) [PhysX] Initialized MultithreadedTaskDispatcher with 8 workers.
[PhysX] Initialized MultithreadedTaskDispatcher with 8 workers.
 -> (artifact id: 'a9a57aa188067c97403b14417eefff0a') in 0.395611 seconds
Number of updated asset objects reloaded before import = 0
Number of asset objects unloaded after import = 2
========================================================================
Received Import Request.
  Time since last request: 2.094944 seconds.
  path: Assets/Old Sign Roads/Textures/road_sign_AlbedoTransparency.png
  artifactKey: Guid(0749fec4e4881ff4a8e77b459118e7d5) Importer(815301076,1909f56bfc062723c751e8b465ee728b)
Start importing Assets/Old Sign Roads/Textures/road_sign_AlbedoTransparency.png using Guid(0749fec4e4881ff4a8e77b459118e7d5) Importer(815301076,1909f56bfc062723c751e8b465ee728b) [PhysX] Initialized MultithreadedTaskDispatcher with 8 workers.
[PhysX] Initialized MultithreadedTaskDispatcher with 8 workers.
 -> (artifact id: '9c54fa14416f75d629c915e13f1b4c36') in 0.087052 seconds
Number of updated asset objects reloaded before import = 0
Number of asset objects unloaded after import = 2
========================================================================
Received Import Request.
  Time since last request: 0.000924 seconds.
  path: Assets/Old Sign Roads/Textures/road_sign_SpecularSmoothness.png
  artifactKey: Guid(cd74450e1d59907419a60212f2b05f88) Importer(815301076,1909f56bfc062723c751e8b465ee728b)
Start importing Assets/Old Sign Roads/Textures/road_sign_SpecularSmoothness.png using Guid(cd74450e1d59907419a60212f2b05f88) Importer(815301076,1909f56bfc062723c751e8b465ee728b) [PhysX] Initialized MultithreadedTaskDispatcher with 8 workers.
[PhysX] Initialized MultithreadedTaskDispatcher with 8 workers.
 -> (artifact id: '0f716b3572c088fad64f1477cb100d9e') in 0.014526 seconds
Number of updated asset objects reloaded before import = 0
Number of asset objects unloaded after import = 2
========================================================================
Received Import Request.
  Time since last request: 8.515199 seconds.
  path: Assets/Road Blocker/Materials/RoadBlocker1.mat
  artifactKey: Guid(904a6ff1a3b60e5418c2b8cf3c0d5b40) Importer(815301076,1909f56bfc062723c751e8b465ee728b)
Start importing Assets/Road Blocker/Materials/RoadBlocker1.mat using Guid(904a6ff1a3b60e5418c2b8cf3c0d5b40) Importer(815301076,1909f56bfc062723c751e8b465ee728b) [PhysX] Initialized MultithreadedTaskDispatcher with 8 workers.
[PhysX] Initialized MultithreadedTaskDispatcher with 8 workers.
 -> (artifact id: 'e405eb23342dddd0d99776ddd71c40df') in 0.107929 seconds
Number of updated asset objects reloaded before import = 0
Number of asset objects unloaded after import = 5
========================================================================
Received Import Request.
  Time since last request: 0.000078 seconds.
  path: Assets/Road Blocker/Materials/RoadBlocker2-unnamed.mat
  artifactKey: Guid(0a293cfdfeaaaed42a14cf36cea90271) Importer(815301076,1909f56bfc062723c751e8b465ee728b)
Start importing Assets/Road Blocker/Materials/RoadBlocker2-unnamed.mat using Guid(0a293cfdfeaaaed42a14cf36cea90271) Importer(815301076,1909f56bfc062723c751e8b465ee728b) [PhysX] Initialized MultithreadedTaskDispatcher with 8 workers.
[PhysX] Initialized MultithreadedTaskDispatcher with 8 workers.
 -> (artifact id: 'c73bdeb13190f1ac8e29d02e3f97a078') in 0.009041 seconds
Number of updated asset objects reloaded before import = 0
Number of asset objects unloaded after import = 3
========================================================================
Received Import Request.
  Time since last request: 0.000393 seconds.
  path: Assets/Road Blocker/Materials/RoadBlocker2.mat
  artifactKey: Guid(389826f64863a2744ad87c4bc64a9f5e) Importer(815301076,1909f56bfc062723c751e8b465ee728b)
Start importing Assets/Road Blocker/Materials/RoadBlocker2.mat using Guid(389826f64863a2744ad87c4bc64a9f5e) Importer(815301076,1909f56bfc062723c751e8b465ee728b) [PhysX] Initialized MultithreadedTaskDispatcher with 8 workers.
[PhysX] Initialized MultithreadedTaskDispatcher with 8 workers.
 -> (artifact id: 'acff4f45421bdc8102726a9ddd3459e9') in 0.019352 seconds
Number of updated asset objects reloaded before import = 0
Number of asset objects unloaded after import = 5
========================================================================
Received Import Request.
  Time since last request: 2.421879 seconds.
  path: Assets/Road Blocker/RoadBlocker1.fbx
  artifactKey: Guid(840f418fc59916d4c853194dad6db8ae) Importer(815301076,1909f56bfc062723c751e8b465ee728b)
Start importing Assets/Road Blocker/RoadBlocker1.fbx using Guid(840f418fc59916d4c853194dad6db8ae) Importer(815301076,1909f56bfc062723c751e8b465ee728b) [PhysX] Initialized MultithreadedTaskDispatcher with 8 workers.
[PhysX] Initialized MultithreadedTaskDispatcher with 8 workers.
[PhysX] Initialized MultithreadedTaskDispatcher with 8 workers.
[PhysX] Initialized MultithreadedTaskDispatcher with 8 workers.
 -> (artifact id: 'ca178f523bf90405f7db08a4788cbe00') in 0.081654 seconds
Number of updated asset objects reloaded before import = 0
Number of asset objects unloaded after import = 13
========================================================================
Received Import Request.
  Time since last request: 0.000659 seconds.
  path: Assets/Road Blocker/RoadBlocker1_D.tga
  artifactKey: Guid(57f6f40c3961fad4f9b71d7c0afff0d2) Importer(815301076,1909f56bfc062723c751e8b465ee728b)
Start importing Assets/Road Blocker/RoadBlocker1_D.tga using Guid(57f6f40c3961fad4f9b71d7c0afff0d2) Importer(815301076,1909f56bfc062723c751e8b465ee728b) [PhysX] Initialized MultithreadedTaskDispatcher with 8 workers.
[PhysX] Initialized MultithreadedTaskDispatcher with 8 workers.
 -> (artifact id: '9d3e718cb6f19b9aac1c4422167bd51e') in 0.021459 seconds
Number of updated asset objects reloaded before import = 0
Number of asset objects unloaded after import = 2
========================================================================
Received Import Request.
  Time since last request: 0.000597 seconds.
  path: Assets/Road Blocker/RoadBlocker2_N.tga
  artifactKey: Guid(a80e329fb3e8aa94b895e82c3bc04b6e) Importer(815301076,1909f56bfc062723c751e8b465ee728b)
Start importing Assets/Road Blocker/RoadBlocker2_N.tga using Guid(a80e329fb3e8aa94b895e82c3bc04b6e) Importer(815301076,1909f56bfc062723c751e8b465ee728b) [PhysX] Initialized MultithreadedTaskDispatcher with 8 workers.
[PhysX] Initialized MultithreadedTaskDispatcher with 8 workers.
 -> (artifact id: '4cbda2a72425792e19cf439e440e121e') in 0.274528 seconds
Number of updated asset objects reloaded before import = 0
Number of asset objects unloaded after import = 2
========================================================================
Received Import Request.
  Time since last request: 4.292748 seconds.
  path: Assets/Road Blocker/Materials
  artifactKey: Guid(7a4a5522ab36b496fa745053fa43975c) Importer(815301076,1909f56bfc062723c751e8b465ee728b)
Start importing Assets/Road Blocker/Materials using Guid(7a4a5522ab36b496fa745053fa43975c) Importer(815301076,1909f56bfc062723c751e8b465ee728b) [PhysX] Initialized MultithreadedTaskDispatcher with 8 workers.
 -> (artifact id: 'd211ae566102afb93ad6a062ab8ca0d9') in 0.001174 seconds
Number of updated asset objects reloaded before import = 0
Number of asset objects unloaded after import = 0
========================================================================
Received Import Request.
  Time since last request: 14.995808 seconds.
  path: Assets/Road Blocker/Materials/RoadBlocker1_S.mat
  artifactKey: Guid(4f23ce46385244bb39b406bc3a9b8f5a) Importer(815301076,1909f56bfc062723c751e8b465ee728b)
Start importing Assets/Road Blocker/Materials/RoadBlocker1_S.mat using Guid(4f23ce46385244bb39b406bc3a9b8f5a) Importer(815301076,1909f56bfc062723c751e8b465ee728b) [PhysX] Initialized MultithreadedTaskDispatcher with 8 workers.
[PhysX] Initialized MultithreadedTaskDispatcher with 8 workers.
 -> (artifact id: 'fc330eb758356fc623bfb80263fe9b63') in 0.049937 seconds
Number of updated asset objects reloaded before import = 0
Number of asset objects unloaded after import = 3
========================================================================
Received Import Request.
  Time since last request: 16.970878 seconds.
  path: Assets/Gogo Casual Pack/Gogo Casual Free Modular Pack
  artifactKey: Guid(ba7d5c35e7f9845428ede9451aefa850) Importer(815301076,1909f56bfc062723c751e8b465ee728b)
Start importing Assets/Gogo Casual Pack/Gogo Casual Free Modular Pack using Guid(ba7d5c35e7f9845428ede9451aefa850) Importer(815301076,1909f56bfc062723c751e8b465ee728b) [PhysX] Initialized MultithreadedTaskDispatcher with 8 workers.
 -> (artifact id: '4d501ad005227b522e609b4702212d7c') in 0.002148 seconds
Number of updated asset objects reloaded before import = 0
Number of asset objects unloaded after import = 0
========================================================================
Received Import Request.
  Time since last request: 1.806533 seconds.
  path: Assets/Gogo Casual Pack/Gogo Casual Free Modular Pack/Materials
  artifactKey: Guid(407d5763040fff24daea000ff6bb4b3a) Importer(815301076,1909f56bfc062723c751e8b465ee728b)
Start importing Assets/Gogo Casual Pack/Gogo Casual Free Modular Pack/Materials using Guid(407d5763040fff24daea000ff6bb4b3a) Importer(815301076,1909f56bfc062723c751e8b465ee728b) [PhysX] Initialized MultithreadedTaskDispatcher with 8 workers.
 -> (artifact id: '07baa45d73971b3c98f53d2eef160c1a') in 0.000988 seconds
Number of updated asset objects reloaded before import = 0
Number of asset objects unloaded after import = 0
========================================================================
Received Import Request.
  Time since last request: 0.048113 seconds.
  path: Assets/Gogo Casual Pack/Gogo Casual Free Modular Pack/Materials/color pallete.png
  artifactKey: Guid(b5c7196b634b4a7449cd3ed0b9ade941) Importer(815301076,1909f56bfc062723c751e8b465ee728b)
Start importing Assets/Gogo Casual Pack/Gogo Casual Free Modular Pack/Materials/color pallete.png using Guid(b5c7196b634b4a7449cd3ed0b9ade941) Importer(815301076,1909f56bfc062723c751e8b465ee728b) [PhysX] Initialized MultithreadedTaskDispatcher with 8 workers.
[PhysX] Initialized MultithreadedTaskDispatcher with 8 workers.
 -> (artifact id: 'c71f95e4e853ec4b5da87a99699594a4') in 0.209543 seconds
Number of updated asset objects reloaded before import = 0
Number of asset objects unloaded after import = 2
========================================================================
Received Import Request.
  Time since last request: 0.000173 seconds.
  path: Assets/Gogo Casual Pack/Gogo Casual Free Modular Pack/Materials/Main Mirror.mat
  artifactKey: Guid(137420115f045a7489cb39e59db076a4) Importer(815301076,1909f56bfc062723c751e8b465ee728b)
Start importing Assets/Gogo Casual Pack/Gogo Casual Free Modular Pack/Materials/Main Mirror.mat using Guid(137420115f045a7489cb39e59db076a4) Importer(815301076,1909f56bfc062723c751e8b465ee728b) [PhysX] Initialized MultithreadedTaskDispatcher with 8 workers.
[PhysX] Initialized MultithreadedTaskDispatcher with 8 workers.
 -> (artifact id: '6b4d08c804fea5d68011b2938e869cfb') in 0.027056 seconds
Number of updated asset objects reloaded before import = 0
Number of asset objects unloaded after import = 2
========================================================================
Received Import Request.
  Time since last request: 0.000808 seconds.
  path: Assets/Gogo Casual Pack/Gogo Casual Free Modular Pack/Materials/Main Transparent.mat
  artifactKey: Guid(82d0f5d2c45ef6d40b2e85eda662a172) Importer(815301076,1909f56bfc062723c751e8b465ee728b)
Start importing Assets/Gogo Casual Pack/Gogo Casual Free Modular Pack/Materials/Main Transparent.mat using Guid(82d0f5d2c45ef6d40b2e85eda662a172) Importer(815301076,1909f56bfc062723c751e8b465ee728b) [PhysX] Initialized MultithreadedTaskDispatcher with 8 workers.
[PhysX] Initialized MultithreadedTaskDispatcher with 8 workers.
 -> (artifact id: '226f7998778fc431efe3bd34fa669911') in 0.050605 seconds
Number of updated asset objects reloaded before import = 0
Number of asset objects unloaded after import = 3
========================================================================
Received Import Request.
  Time since last request: 0.000035 seconds.
  path: Assets/Gogo Casual Pack/Gogo Casual Free Modular Pack/Materials/Main Texture.mat
  artifactKey: Guid(7d752a90c67752a4da705142b7a36efc) Importer(815301076,1909f56bfc062723c751e8b465ee728b)
Start importing Assets/Gogo Casual Pack/Gogo Casual Free Modular Pack/Materials/Main Texture.mat using Guid(7d752a90c67752a4da705142b7a36efc) Importer(815301076,1909f56bfc062723c751e8b465ee728b) [PhysX] Initialized MultithreadedTaskDispatcher with 8 workers.
[PhysX] Initialized MultithreadedTaskDispatcher with 8 workers.
 -> (artifact id: '558ac3ff71f981a5fd37b0e836beea08') in 0.067466 seconds
Number of updated asset objects reloaded before import = 0
Number of asset objects unloaded after import = 3
========================================================================
Received Import Request.
  Time since last request: 1.638621 seconds.
  path: Assets/Gogo Casual Pack/Gogo Casual Free Modular Pack/FBX/Door_01.fbx
  artifactKey: Guid(ae3a9407b44c45b41af09943a8a5404b) Importer(815301076,1909f56bfc062723c751e8b465ee728b)
Start importing Assets/Gogo Casual Pack/Gogo Casual Free Modular Pack/FBX/Door_01.fbx using Guid(ae3a9407b44c45b41af09943a8a5404b) Importer(815301076,1909f56bfc062723c751e8b465ee728b) [PhysX] Initialized MultithreadedTaskDispatcher with 8 workers.
[PhysX] Initialized MultithreadedTaskDispatcher with 8 workers.
[PhysX] Initialized MultithreadedTaskDispatcher with 8 workers.
[PhysX] Initialized MultithreadedTaskDispatcher with 8 workers.
[PhysX] Initialized MultithreadedTaskDispatcher with 8 workers.
[PhysX] Initialized MultithreadedTaskDispatcher with 8 workers.
 -> (artifact id: 'a4350ae9c96e9649d72db7952161db55') in 0.231142 seconds
Number of updated asset objects reloaded before import = 0
Number of asset objects unloaded after import = 15
========================================================================
Received Import Request.
  Time since last request: 0.000061 seconds.
  path: Assets/Gogo Casual Pack/Gogo Casual Free Modular Pack/FBX/Modular_Classical_Floor_03_06.fbx
  artifactKey: Guid(a575667325ac66740a9dc213a426d7d6) Importer(815301076,1909f56bfc062723c751e8b465ee728b)
Start importing Assets/Gogo Casual Pack/Gogo Casual Free Modular Pack/FBX/Modular_Classical_Floor_03_06.fbx using Guid(a575667325ac66740a9dc213a426d7d6) Importer(815301076,1909f56bfc062723c751e8b465ee728b) [PhysX] Initialized MultithreadedTaskDispatcher with 8 workers.
[PhysX] Initialized MultithreadedTaskDispatcher with 8 workers.
[PhysX] Initialized MultithreadedTaskDispatcher with 8 workers.
[PhysX] Initialized MultithreadedTaskDispatcher with 8 workers.
 -> (artifact id: 'f85030db380832a41f365ddef7bd47ba') in 0.249717 seconds
Number of updated asset objects reloaded before import = 0
Number of asset objects unloaded after import = 10
========================================================================
Received Import Request.
  Time since last request: 0.000428 seconds.
  path: Assets/Gogo Casual Pack/Gogo Casual Free Modular Pack/FBX/Modular_Simple_Wall_01_02.fbx
  artifactKey: Guid(cacace536cd6edd4199e7919d164c16c) Importer(815301076,1909f56bfc062723c751e8b465ee728b)
Start importing Assets/Gogo Casual Pack/Gogo Casual Free Modular Pack/FBX/Modular_Simple_Wall_01_02.fbx using Guid(cacace536cd6edd4199e7919d164c16c) Importer(815301076,1909f56bfc062723c751e8b465ee728b) [PhysX] Initialized MultithreadedTaskDispatcher with 8 workers.
[PhysX] Initialized MultithreadedTaskDispatcher with 8 workers.
[PhysX] Initialized MultithreadedTaskDispatcher with 8 workers.
[PhysX] Initialized MultithreadedTaskDispatcher with 8 workers.
 -> (artifact id: '29d133bf18f23b98ff34019cd51a8f89') in 0.088773 seconds
Number of updated asset objects reloaded before import = 0
Number of asset objects unloaded after import = 10
========================================================================
Received Import Request.
  Time since last request: 0.000063 seconds.
  path: Assets/Gogo Casual Pack/Gogo Casual Free Modular Pack/FBX/Modular_Simple_Wall_01_04.fbx
  artifactKey: Guid(a2b10048b6c3aed4b889024d5c193b22) Importer(815301076,1909f56bfc062723c751e8b465ee728b)
Start importing Assets/Gogo Casual Pack/Gogo Casual Free Modular Pack/FBX/Modular_Simple_Wall_01_04.fbx using Guid(a2b10048b6c3aed4b889024d5c193b22) Importer(815301076,1909f56bfc062723c751e8b465ee728b) [PhysX] Initialized MultithreadedTaskDispatcher with 8 workers.
[PhysX] Initialized MultithreadedTaskDispatcher with 8 workers.
[PhysX] Initialized MultithreadedTaskDispatcher with 8 workers.
[PhysX] Initialized MultithreadedTaskDispatcher with 8 workers.
 -> (artifact id: '98fcfb0110de51256ae1713fb4d367b7') in 0.058902 seconds
Number of updated asset objects reloaded before import = 0
Number of asset objects unloaded after import = 10
========================================================================
Received Import Request.
  Time since last request: 0.000042 seconds.
  path: Assets/Gogo Casual Pack/Gogo Casual Free Modular Pack/FBX/Modular_Classical_Floor_04_01.fbx
  artifactKey: Guid(6aaf0064851e9fa4cac7e66dd36e3318) Importer(815301076,1909f56bfc062723c751e8b465ee728b)
Start importing Assets/Gogo Casual Pack/Gogo Casual Free Modular Pack/FBX/Modular_Classical_Floor_04_01.fbx using Guid(6aaf0064851e9fa4cac7e66dd36e3318) Importer(815301076,1909f56bfc062723c751e8b465ee728b) [PhysX] Initialized MultithreadedTaskDispatcher with 8 workers.
[PhysX] Initialized MultithreadedTaskDispatcher with 8 workers.
[PhysX] Initialized MultithreadedTaskDispatcher with 8 workers.
[PhysX] Initialized MultithreadedTaskDispatcher with 8 workers.
 -> (artifact id: '9ef7da2a793dba47f3d0c2aab7d2e670') in 0.067709 seconds
Number of updated asset objects reloaded before import = 0
Number of asset objects unloaded after import = 10
========================================================================
Received Import Request.
  Time since last request: 0.000224 seconds.
  path: Assets/Gogo Casual Pack/Gogo Casual Free Modular Pack/FBX/Modular_Classical_Floor_03_03.fbx
  artifactKey: Guid(78c63cbe17f29674e8529524ea162445) Importer(815301076,1909f56bfc062723c751e8b465ee728b)
Start importing Assets/Gogo Casual Pack/Gogo Casual Free Modular Pack/FBX/Modular_Classical_Floor_03_03.fbx using Guid(78c63cbe17f29674e8529524ea162445) Importer(815301076,1909f56bfc062723c751e8b465ee728b) [PhysX] Initialized MultithreadedTaskDispatcher with 8 workers.
[PhysX] Initialized MultithreadedTaskDispatcher with 8 workers.
[PhysX] Initialized MultithreadedTaskDispatcher with 8 workers.
[PhysX] Initialized MultithreadedTaskDispatcher with 8 workers.
 -> (artifact id: 'd5d77ef7f61fb11f3c07f3a930e76e87') in 0.052364 seconds
Number of updated asset objects reloaded before import = 0
Number of asset objects unloaded after import = 10
========================================================================
Received Import Request.
  Time since last request: 0.000068 seconds.
  path: Assets/Gogo Casual Pack/Gogo Casual Free Modular Pack/FBX/Modular_Classical_Floor_06_02.fbx
  artifactKey: Guid(031c6adad16b5ae4e96fc1db92ff1bc2) Importer(815301076,1909f56bfc062723c751e8b465ee728b)
Start importing Assets/Gogo Casual Pack/Gogo Casual Free Modular Pack/FBX/Modular_Classical_Floor_06_02.fbx using Guid(031c6adad16b5ae4e96fc1db92ff1bc2) Importer(815301076,1909f56bfc062723c751e8b465ee728b) [PhysX] Initialized MultithreadedTaskDispatcher with 8 workers.
[PhysX] Initialized MultithreadedTaskDispatcher with 8 workers.
[PhysX] Initialized MultithreadedTaskDispatcher with 8 workers.
[PhysX] Initialized MultithreadedTaskDispatcher with 8 workers.
 -> (artifact id: '2614cd7c2f08fc13d6506d1ffb8a932b') in 0.063456 seconds
Number of updated asset objects reloaded before import = 0
Number of asset objects unloaded after import = 10
========================================================================
Received Import Request.
  Time since last request: 0.000102 seconds.
  path: Assets/Gogo Casual Pack/Gogo Casual Free Modular Pack/FBX/Modular_Classical_Floor_02_05.fbx
  artifactKey: Guid(b4957b0eac2325944b8970259f41b2bf) Importer(815301076,1909f56bfc062723c751e8b465ee728b)
Start importing Assets/Gogo Casual Pack/Gogo Casual Free Modular Pack/FBX/Modular_Classical_Floor_02_05.fbx using Guid(b4957b0eac2325944b8970259f41b2bf) Importer(815301076,1909f56bfc062723c751e8b465ee728b) [PhysX] Initialized MultithreadedTaskDispatcher with 8 workers.
[PhysX] Initialized MultithreadedTaskDispatcher with 8 workers.
[PhysX] Initialized MultithreadedTaskDispatcher with 8 workers.
[PhysX] Initialized MultithreadedTaskDispatcher with 8 workers.
 -> (artifact id: 'a5ddbf3c48dc1961cc8d2d6dd81061de') in 0.060042 seconds
Number of updated asset objects reloaded before import = 0
Number of asset objects unloaded after import = 10
========================================================================
Received Import Request.
  Time since last request: 0.000040 seconds.
  path: Assets/Gogo Casual Pack/Gogo Casual Free Modular Pack/FBX/Modular_Classical_Floor_04_09.fbx
  artifactKey: Guid(c91e66a99aead564dad4fbae1cb560a4) Importer(815301076,1909f56bfc062723c751e8b465ee728b)
Start importing Assets/Gogo Casual Pack/Gogo Casual Free Modular Pack/FBX/Modular_Classical_Floor_04_09.fbx using Guid(c91e66a99aead564dad4fbae1cb560a4) Importer(815301076,1909f56bfc062723c751e8b465ee728b) [PhysX] Initialized MultithreadedTaskDispatcher with 8 workers.
[PhysX] Initialized MultithreadedTaskDispatcher with 8 workers.
[PhysX] Initialized MultithreadedTaskDispatcher with 8 workers.
[PhysX] Initialized MultithreadedTaskDispatcher with 8 workers.
 -> (artifact id: 'a95108fc28e8fa56c3e54c2ff54f2835') in 0.067786 seconds
Number of updated asset objects reloaded before import = 0
Number of asset objects unloaded after import = 10
========================================================================
Received Import Request.
  Time since last request: 0.000066 seconds.
  path: Assets/Gogo Casual Pack/Gogo Casual Free Modular Pack/FBX/Modular_Classical_Floor_05_06.fbx
  artifactKey: Guid(a2d57a20035620041b7d4a57b4bbdf40) Importer(815301076,1909f56bfc062723c751e8b465ee728b)
Start importing Assets/Gogo Casual Pack/Gogo Casual Free Modular Pack/FBX/Modular_Classical_Floor_05_06.fbx using Guid(a2d57a20035620041b7d4a57b4bbdf40) Importer(815301076,1909f56bfc062723c751e8b465ee728b) [PhysX] Initialized MultithreadedTaskDispatcher with 8 workers.
[PhysX] Initialized MultithreadedTaskDispatcher with 8 workers.
[PhysX] Initialized MultithreadedTaskDispatcher with 8 workers.
[PhysX] Initialized MultithreadedTaskDispatcher with 8 workers.
 -> (artifact id: 'b5c6be376c0ba9c889d9a6eda37a2d6f') in 0.065291 seconds
Number of updated asset objects reloaded before import = 0
Number of asset objects unloaded after import = 10
========================================================================
Received Import Request.
  Time since last request: 0.000037 seconds.
  path: Assets/Gogo Casual Pack/Gogo Casual Free Modular Pack/FBX/Modular_Classical_Floor_02_02.fbx
  artifactKey: Guid(dcb28142d27a9f0448ccdd02d13b8a88) Importer(815301076,1909f56bfc062723c751e8b465ee728b)
Start importing Assets/Gogo Casual Pack/Gogo Casual Free Modular Pack/FBX/Modular_Classical_Floor_02_02.fbx using Guid(dcb28142d27a9f0448ccdd02d13b8a88) Importer(815301076,1909f56bfc062723c751e8b465ee728b) [PhysX] Initialized MultithreadedTaskDispatcher with 8 workers.
[PhysX] Initialized MultithreadedTaskDispatcher with 8 workers.
[PhysX] Initialized MultithreadedTaskDispatcher with 8 workers.
[PhysX] Initialized MultithreadedTaskDispatcher with 8 workers.
 -> (artifact id: '17e171468b335504ab186ef2cfa79ccc') in 0.054489 seconds
Number of updated asset objects reloaded before import = 0
Number of asset objects unloaded after import = 10
========================================================================
Received Import Request.
  Time since last request: 0.000049 seconds.
  path: Assets/Gogo Casual Pack/Gogo Casual Free Modular Pack/FBX/Modular_Classical_Floor_01_06.fbx
  artifactKey: Guid(cab568a205918974295da1efe077cd2f) Importer(815301076,1909f56bfc062723c751e8b465ee728b)
Start importing Assets/Gogo Casual Pack/Gogo Casual Free Modular Pack/FBX/Modular_Classical_Floor_01_06.fbx using Guid(cab568a205918974295da1efe077cd2f) Importer(815301076,1909f56bfc062723c751e8b465ee728b) [PhysX] Initialized MultithreadedTaskDispatcher with 8 workers.
[PhysX] Initialized MultithreadedTaskDispatcher with 8 workers.
[PhysX] Initialized MultithreadedTaskDispatcher with 8 workers.
[PhysX] Initialized MultithreadedTaskDispatcher with 8 workers.
 -> (artifact id: 'a3a8424c241a6ad6545542f25633c109') in 0.070569 seconds
Number of updated asset objects reloaded before import = 0
Number of asset objects unloaded after import = 10
========================================================================
Received Import Request.
  Time since last request: 0.000051 seconds.
  path: Assets/Gogo Casual Pack/Gogo Casual Free Modular Pack/FBX/Modular_Classical_Floor_01_07.fbx
  artifactKey: Guid(9338b0315dbffc3459ed8844cae6dabc) Importer(815301076,1909f56bfc062723c751e8b465ee728b)
Start importing Assets/Gogo Casual Pack/Gogo Casual Free Modular Pack/FBX/Modular_Classical_Floor_01_07.fbx using Guid(9338b0315dbffc3459ed8844cae6dabc) Importer(815301076,1909f56bfc062723c751e8b465ee728b) [PhysX] Initialized MultithreadedTaskDispatcher with 8 workers.
[PhysX] Initialized MultithreadedTaskDispatcher with 8 workers.
[PhysX] Initialized MultithreadedTaskDispatcher with 8 workers.
[PhysX] Initialized MultithreadedTaskDispatcher with 8 workers.
 -> (artifact id: 'a77ce42340845b64ef5bba0df8ba0271') in 0.116809 seconds
Number of updated asset objects reloaded before import = 0
Number of asset objects unloaded after import = 10
========================================================================
Received Import Request.
  Time since last request: 0.000055 seconds.
  path: Assets/Gogo Casual Pack/Gogo Casual Free Modular Pack/FBX/Modular_Classical_Floor_01_02.fbx
  artifactKey: Guid(f88cc9337baa3fe478bd98bb311da2fa) Importer(815301076,1909f56bfc062723c751e8b465ee728b)
Start importing Assets/Gogo Casual Pack/Gogo Casual Free Modular Pack/FBX/Modular_Classical_Floor_01_02.fbx using Guid(f88cc9337baa3fe478bd98bb311da2fa) Importer(815301076,1909f56bfc062723c751e8b465ee728b) [PhysX] Initialized MultithreadedTaskDispatcher with 8 workers.
[PhysX] Initialized MultithreadedTaskDispatcher with 8 workers.
[PhysX] Initialized MultithreadedTaskDispatcher with 8 workers.
[PhysX] Initialized MultithreadedTaskDispatcher with 8 workers.
 -> (artifact id: '92774e917c29170d0c2058e2291e8ce0') in 0.063675 seconds
Number of updated asset objects reloaded before import = 0
Number of asset objects unloaded after import = 10
========================================================================
Received Import Request.
  Time since last request: 0.000038 seconds.
  path: Assets/Gogo Casual Pack/Gogo Casual Free Modular Pack/FBX/Modular_Classical_Floor_04_05.fbx
  artifactKey: Guid(490510dc57cc4b5458d1f8ea94e4f7be) Importer(815301076,1909f56bfc062723c751e8b465ee728b)
Start importing Assets/Gogo Casual Pack/Gogo Casual Free Modular Pack/FBX/Modular_Classical_Floor_04_05.fbx using Guid(490510dc57cc4b5458d1f8ea94e4f7be) Importer(815301076,1909f56bfc062723c751e8b465ee728b) [PhysX] Initialized MultithreadedTaskDispatcher with 8 workers.
[PhysX] Initialized MultithreadedTaskDispatcher with 8 workers.
[PhysX] Initialized MultithreadedTaskDispatcher with 8 workers.
[PhysX] Initialized MultithreadedTaskDispatcher with 8 workers.
 -> (artifact id: 'fb16e7fc5bef439fce2232b1f85a3dbf') in 0.060818 seconds
Number of updated asset objects reloaded before import = 0
Number of asset objects unloaded after import = 10
========================================================================
Received Import Request.
  Time since last request: 0.000036 seconds.
  path: Assets/Gogo Casual Pack/Gogo Casual Free Modular Pack/FBX/Modular_Classical_Floor_06_08.fbx
  artifactKey: Guid(46860336afe77e945b9faa2f0ba21e58) Importer(815301076,1909f56bfc062723c751e8b465ee728b)
Start importing Assets/Gogo Casual Pack/Gogo Casual Free Modular Pack/FBX/Modular_Classical_Floor_06_08.fbx using Guid(46860336afe77e945b9faa2f0ba21e58) Importer(815301076,1909f56bfc062723c751e8b465ee728b) [PhysX] Initialized MultithreadedTaskDispatcher with 8 workers.
[PhysX] Initialized MultithreadedTaskDispatcher with 8 workers.
[PhysX] Initialized MultithreadedTaskDispatcher with 8 workers.
[PhysX] Initialized MultithreadedTaskDispatcher with 8 workers.
 -> (artifact id: 'ebb0e81bc2b10c4b906880e2c3b7beaa') in 0.056365 seconds
Number of updated asset objects reloaded before import = 0
Number of asset objects unloaded after import = 10
========================================================================
Received Import Request.
  Time since last request: 0.000061 seconds.
  path: Assets/Gogo Casual Pack/Gogo Casual Free Modular Pack/FBX/Modular_Classical_Floor_06_09.fbx
  artifactKey: Guid(10abda71accfa3645ad89bb60574c875) Importer(815301076,1909f56bfc062723c751e8b465ee728b)
Start importing Assets/Gogo Casual Pack/Gogo Casual Free Modular Pack/FBX/Modular_Classical_Floor_06_09.fbx using Guid(10abda71accfa3645ad89bb60574c875) Importer(815301076,1909f56bfc062723c751e8b465ee728b) [PhysX] Initialized MultithreadedTaskDispatcher with 8 workers.
[PhysX] Initialized MultithreadedTaskDispatcher with 8 workers.
[PhysX] Initialized MultithreadedTaskDispatcher with 8 workers.
[PhysX] Initialized MultithreadedTaskDispatcher with 8 workers.
 -> (artifact id: '24e6f90c3212eac7398cba6e6bf44aaa') in 0.063045 seconds
Number of updated asset objects reloaded before import = 0
Number of asset objects unloaded after import = 10
========================================================================
Received Import Request.
  Time since last request: 0.000054 seconds.
  path: Assets/Gogo Casual Pack/Gogo Casual Free Modular Pack/FBX/Modular_Classical_Floor_05_02.fbx
  artifactKey: Guid(6a9a8471e4c555f44be8ef5e371f219b) Importer(815301076,1909f56bfc062723c751e8b465ee728b)
Start importing Assets/Gogo Casual Pack/Gogo Casual Free Modular Pack/FBX/Modular_Classical_Floor_05_02.fbx using Guid(6a9a8471e4c555f44be8ef5e371f219b) Importer(815301076,1909f56bfc062723c751e8b465ee728b) [PhysX] Initialized MultithreadedTaskDispatcher with 8 workers.
[PhysX] Initialized MultithreadedTaskDispatcher with 8 workers.
[PhysX] Initialized MultithreadedTaskDispatcher with 8 workers.
[PhysX] Initialized MultithreadedTaskDispatcher with 8 workers.
 -> (artifact id: 'b948f2f0687a6399e3e264cb381afe62') in 0.068601 seconds
Number of updated asset objects reloaded before import = 0
Number of asset objects unloaded after import = 10
========================================================================
Received Import Request.
  Time since last request: 0.000053 seconds.
  path: Assets/Gogo Casual Pack/Gogo Casual Free Modular Pack/FBX/Modular_Classical_Floor_02_06.fbx
  artifactKey: Guid(4918efcca6773194a8daa41cb14562a6) Importer(815301076,1909f56bfc062723c751e8b465ee728b)
Start importing Assets/Gogo Casual Pack/Gogo Casual Free Modular Pack/FBX/Modular_Classical_Floor_02_06.fbx using Guid(4918efcca6773194a8daa41cb14562a6) Importer(815301076,1909f56bfc062723c751e8b465ee728b) [PhysX] Initialized MultithreadedTaskDispatcher with 8 workers.
[PhysX] Initialized MultithreadedTaskDispatcher with 8 workers.
[PhysX] Initialized MultithreadedTaskDispatcher with 8 workers.
[PhysX] Initialized MultithreadedTaskDispatcher with 8 workers.
 -> (artifact id: '81c873cc295ddc8f1866f1605935e758') in 0.067872 seconds
Number of updated asset objects reloaded before import = 0
Number of asset objects unloaded after import = 10
========================================================================
Received Import Request.
  Time since last request: 0.000058 seconds.
  path: Assets/Gogo Casual Pack/Gogo Casual Free Modular Pack/FBX/Modular_Classical_Floor_05_05.fbx
  artifactKey: Guid(b35a33ab814aef0429f49ded4314c723) Importer(815301076,1909f56bfc062723c751e8b465ee728b)
Start importing Assets/Gogo Casual Pack/Gogo Casual Free Modular Pack/FBX/Modular_Classical_Floor_05_05.fbx using Guid(b35a33ab814aef0429f49ded4314c723) Importer(815301076,1909f56bfc062723c751e8b465ee728b) [PhysX] Initialized MultithreadedTaskDispatcher with 8 workers.
[PhysX] Initialized MultithreadedTaskDispatcher with 8 workers.
[PhysX] Initialized MultithreadedTaskDispatcher with 8 workers.
[PhysX] Initialized MultithreadedTaskDispatcher with 8 workers.
 -> (artifact id: '92af289f02e32a2cf628fe00be963837') in 0.082760 seconds
Number of updated asset objects reloaded before import = 0
Number of asset objects unloaded after import = 10
========================================================================
Received Import Request.
  Time since last request: 0.000072 seconds.
  path: Assets/Gogo Casual Pack/Gogo Casual Free Modular Pack/FBX/Modular_Classical_Floor_06_04.fbx
  artifactKey: Guid(70995be38999d2a478675706d43a3df6) Importer(815301076,1909f56bfc062723c751e8b465ee728b)
Start importing Assets/Gogo Casual Pack/Gogo Casual Free Modular Pack/FBX/Modular_Classical_Floor_06_04.fbx using Guid(70995be38999d2a478675706d43a3df6) Importer(815301076,1909f56bfc062723c751e8b465ee728b) [PhysX] Initialized MultithreadedTaskDispatcher with 8 workers.
[PhysX] Initialized MultithreadedTaskDispatcher with 8 workers.
[PhysX] Initialized MultithreadedTaskDispatcher with 8 workers.
[PhysX] Initialized MultithreadedTaskDispatcher with 8 workers.
 -> (artifact id: '8843f0cd2b315f26ad43b71533d735e9') in 0.067656 seconds
Number of updated asset objects reloaded before import = 0
Number of asset objects unloaded after import = 10
========================================================================
Received Import Request.
  Time since last request: 0.000073 seconds.
  path: Assets/Gogo Casual Pack/Gogo Casual Free Modular Pack/FBX/Modular_Classical_Floor_06_06.fbx
  artifactKey: Guid(4d36dfd13ea410b43924f77581eebd49) Importer(815301076,1909f56bfc062723c751e8b465ee728b)
Start importing Assets/Gogo Casual Pack/Gogo Casual Free Modular Pack/FBX/Modular_Classical_Floor_06_06.fbx using Guid(4d36dfd13ea410b43924f77581eebd49) Importer(815301076,1909f56bfc062723c751e8b465ee728b) [PhysX] Initialized MultithreadedTaskDispatcher with 8 workers.
[PhysX] Initialized MultithreadedTaskDispatcher with 8 workers.
[PhysX] Initialized MultithreadedTaskDispatcher with 8 workers.
[PhysX] Initialized MultithreadedTaskDispatcher with 8 workers.
 -> (artifact id: '06ff540da95618c170eb270acfbc6d03') in 0.197281 seconds
Number of updated asset objects reloaded before import = 0
Number of asset objects unloaded after import = 10
========================================================================
Received Import Request.
  Time since last request: 0.000134 seconds.
  path: Assets/Gogo Casual Pack/Gogo Casual Free Modular Pack/FBX/Modular_Classical_Floor_01_08.fbx
  artifactKey: Guid(e911bdbb393640d4095f993367a58edd) Importer(815301076,1909f56bfc062723c751e8b465ee728b)
Start importing Assets/Gogo Casual Pack/Gogo Casual Free Modular Pack/FBX/Modular_Classical_Floor_01_08.fbx using Guid(e911bdbb393640d4095f993367a58edd) Importer(815301076,1909f56bfc062723c751e8b465ee728b) [PhysX] Initialized MultithreadedTaskDispatcher with 8 workers.
[PhysX] Initialized MultithreadedTaskDispatcher with 8 workers.
[PhysX] Initialized MultithreadedTaskDispatcher with 8 workers.
[PhysX] Initialized MultithreadedTaskDispatcher with 8 workers.
 -> (artifact id: '6ec9700bf4dce36c73287e541c30059f') in 0.050474 seconds
Number of updated asset objects reloaded before import = 0
Number of asset objects unloaded after import = 10
========================================================================
Received Import Request.
  Time since last request: 0.000043 seconds.
  path: Assets/Gogo Casual Pack/Gogo Casual Free Modular Pack/FBX/Modular_Classical_Floor_06_03.fbx
  artifactKey: Guid(5c24a77aa5b889c418f72970e974d57d) Importer(815301076,1909f56bfc062723c751e8b465ee728b)
Start importing Assets/Gogo Casual Pack/Gogo Casual Free Modular Pack/FBX/Modular_Classical_Floor_06_03.fbx using Guid(5c24a77aa5b889c418f72970e974d57d) Importer(815301076,1909f56bfc062723c751e8b465ee728b) [PhysX] Initialized MultithreadedTaskDispatcher with 8 workers.
[PhysX] Initialized MultithreadedTaskDispatcher with 8 workers.
[PhysX] Initialized MultithreadedTaskDispatcher with 8 workers.
[PhysX] Initialized MultithreadedTaskDispatcher with 8 workers.
 -> (artifact id: '79c4d52540943e20c107f4e12049d149') in 0.056558 seconds
Number of updated asset objects reloaded before import = 0
Number of asset objects unloaded after import = 10
========================================================================
Received Import Request.
  Time since last request: 0.000077 seconds.
  path: Assets/Gogo Casual Pack/Gogo Casual Free Modular Pack/FBX/Modular_Classical_Floor_05_04.fbx
  artifactKey: Guid(1b9c547bc112f9343b4d53b9b590602a) Importer(815301076,1909f56bfc062723c751e8b465ee728b)
Start importing Assets/Gogo Casual Pack/Gogo Casual Free Modular Pack/FBX/Modular_Classical_Floor_05_04.fbx using Guid(1b9c547bc112f9343b4d53b9b590602a) Importer(815301076,1909f56bfc062723c751e8b465ee728b) [PhysX] Initialized MultithreadedTaskDispatcher with 8 workers.
[PhysX] Initialized MultithreadedTaskDispatcher with 8 workers.
[PhysX] Initialized MultithreadedTaskDispatcher with 8 workers.
[PhysX] Initialized MultithreadedTaskDispatcher with 8 workers.
 -> (artifact id: '281ed364db0b2812816cf2b50c49f5e3') in 0.062706 seconds
Number of updated asset objects reloaded before import = 0
Number of asset objects unloaded after import = 10
========================================================================
Received Import Request.
  Time since last request: 0.000047 seconds.
  path: Assets/Gogo Casual Pack/Gogo Casual Free Modular Pack/FBX/Modular_Classical_Floor_05_08.fbx
  artifactKey: Guid(92c17fce0a8d3004bb15358f7aaed6e0) Importer(815301076,1909f56bfc062723c751e8b465ee728b)
Start importing Assets/Gogo Casual Pack/Gogo Casual Free Modular Pack/FBX/Modular_Classical_Floor_05_08.fbx using Guid(92c17fce0a8d3004bb15358f7aaed6e0) Importer(815301076,1909f56bfc062723c751e8b465ee728b) [PhysX] Initialized MultithreadedTaskDispatcher with 8 workers.
[PhysX] Initialized MultithreadedTaskDispatcher with 8 workers.
[PhysX] Initialized MultithreadedTaskDispatcher with 8 workers.
[PhysX] Initialized MultithreadedTaskDispatcher with 8 workers.
 -> (artifact id: 'd15e5ffea3238e240faad7c8e5f4f891') in 0.064736 seconds
Number of updated asset objects reloaded before import = 0
Number of asset objects unloaded after import = 10
========================================================================
Received Import Request.
  Time since last request: 0.000033 seconds.
  path: Assets/Gogo Casual Pack/Gogo Casual Free Modular Pack/FBX/Modular_Classical_Floor_06_05.fbx
  artifactKey: Guid(7fc46ebfed8ccfb44b59e64ecafd4fe9) Importer(815301076,1909f56bfc062723c751e8b465ee728b)
Start importing Assets/Gogo Casual Pack/Gogo Casual Free Modular Pack/FBX/Modular_Classical_Floor_06_05.fbx using Guid(7fc46ebfed8ccfb44b59e64ecafd4fe9) Importer(815301076,1909f56bfc062723c751e8b465ee728b) [PhysX] Initialized MultithreadedTaskDispatcher with 8 workers.
[PhysX] Initialized MultithreadedTaskDispatcher with 8 workers.
[PhysX] Initialized MultithreadedTaskDispatcher with 8 workers.
[PhysX] Initialized MultithreadedTaskDispatcher with 8 workers.
 -> (artifact id: '2d33fc599bef071282838dd56e2d49a9') in 0.058162 seconds
Number of updated asset objects reloaded before import = 0
Number of asset objects unloaded after import = 10
========================================================================
Received Import Request.
  Time since last request: 0.000051 seconds.
  path: Assets/Gogo Casual Pack/Gogo Casual Free Modular Pack/FBX/Modular_Classical_Floor_02_03.fbx
  artifactKey: Guid(2760c1a34b5589a49aed7ed08dc0953d) Importer(815301076,1909f56bfc062723c751e8b465ee728b)
Start importing Assets/Gogo Casual Pack/Gogo Casual Free Modular Pack/FBX/Modular_Classical_Floor_02_03.fbx using Guid(2760c1a34b5589a49aed7ed08dc0953d) Importer(815301076,1909f56bfc062723c751e8b465ee728b) [PhysX] Initialized MultithreadedTaskDispatcher with 8 workers.
[PhysX] Initialized MultithreadedTaskDispatcher with 8 workers.
[PhysX] Initialized MultithreadedTaskDispatcher with 8 workers.
[PhysX] Initialized MultithreadedTaskDispatcher with 8 workers.
 -> (artifact id: 'bfa60f346ea4de23bc7c2bc9eda321a0') in 0.060897 seconds
Number of updated asset objects reloaded before import = 0
Number of asset objects unloaded after import = 10
========================================================================
Received Import Request.
  Time since last request: 0.000049 seconds.
  path: Assets/Gogo Casual Pack/Gogo Casual Free Modular Pack/FBX/Modular_Simple_Wall_01_03.fbx
  artifactKey: Guid(119d10679ad9e42469efc621d6c714ca) Importer(815301076,1909f56bfc062723c751e8b465ee728b)
Start importing Assets/Gogo Casual Pack/Gogo Casual Free Modular Pack/FBX/Modular_Simple_Wall_01_03.fbx using Guid(119d10679ad9e42469efc621d6c714ca) Importer(815301076,1909f56bfc062723c751e8b465ee728b) [PhysX] Initialized MultithreadedTaskDispatcher with 8 workers.
[PhysX] Initialized MultithreadedTaskDispatcher with 8 workers.
[PhysX] Initialized MultithreadedTaskDispatcher with 8 workers.
[PhysX] Initialized MultithreadedTaskDispatcher with 8 workers.
 -> (artifact id: '14457169cbf905680d2f0c87aa72a102') in 0.056049 seconds
Number of updated asset objects reloaded before import = 0
Number of asset objects unloaded after import = 10
========================================================================
Received Import Request.
  Time since last request: 0.000122 seconds.
  path: Assets/Gogo Casual Pack/Gogo Casual Free Modular Pack/FBX/Modular_Classical_Floor_04_04.fbx
  artifactKey: Guid(d9b335ba7a3faf14bb4d99c9ff938340) Importer(815301076,1909f56bfc062723c751e8b465ee728b)
Start importing Assets/Gogo Casual Pack/Gogo Casual Free Modular Pack/FBX/Modular_Classical_Floor_04_04.fbx using Guid(d9b335ba7a3faf14bb4d99c9ff938340) Importer(815301076,1909f56bfc062723c751e8b465ee728b) [PhysX] Initialized MultithreadedTaskDispatcher with 8 workers.
[PhysX] Initialized MultithreadedTaskDispatcher with 8 workers.
[PhysX] Initialized MultithreadedTaskDispatcher with 8 workers.
[PhysX] Initialized MultithreadedTaskDispatcher with 8 workers.
 -> (artifact id: 'e421f7f259ab43604658427b6dc5c46f') in 0.053426 seconds
Number of updated asset objects reloaded before import = 0
Number of asset objects unloaded after import = 10
========================================================================
Received Import Request.
  Time since last request: 0.543774 seconds.
  path: Assets/Gogo Casual Pack/Gogo Casual Free Modular Pack/Prefabs/Door_01.prefab
  artifactKey: Guid(35ab7df63f5d63649a89a1935907e2bb) Importer(815301076,1909f56bfc062723c751e8b465ee728b)
Start importing Assets/Gogo Casual Pack/Gogo Casual Free Modular Pack/Prefabs/Door_01.prefab using Guid(35ab7df63f5d63649a89a1935907e2bb) Importer(815301076,1909f56bfc062723c751e8b465ee728b) [PhysX] Initialized MultithreadedTaskDispatcher with 8 workers.
[PhysX] Initialized MultithreadedTaskDispatcher with 8 workers.
 -> (artifact id: 'a9692ef78be92c39109aac0714f75466') in 0.318034 seconds
Number of updated asset objects reloaded before import = 0
Number of asset objects unloaded after import = 29
========================================================================
Received Import Request.
  Time since last request: 0.000131 seconds.
  path: Assets/Gogo Casual Pack/Gogo Casual Free Modular Pack/Prefabs/Modular_Classical_Floor_06_08.prefab
  artifactKey: Guid(e1456e637fd1a6542b604285448ed8c6) Importer(815301076,1909f56bfc062723c751e8b465ee728b)
Start importing Assets/Gogo Casual Pack/Gogo Casual Free Modular Pack/Prefabs/Modular_Classical_Floor_06_08.prefab using Guid(e1456e637fd1a6542b604285448ed8c6) Importer(815301076,1909f56bfc062723c751e8b465ee728b) [PhysX] Initialized MultithreadedTaskDispatcher with 8 workers.
[PhysX] Initialized MultithreadedTaskDispatcher with 8 workers.
 -> (artifact id: '88b6880b04f69f474c83603babb55a70') in 0.123990 seconds
Number of updated asset objects reloaded before import = 0
Number of asset objects unloaded after import = 20
========================================================================
Received Import Request.
  Time since last request: 0.000055 seconds.
  path: Assets/Gogo Casual Pack/Gogo Casual Free Modular Pack/Prefabs/Modular_Classical_Floor_02_05.prefab
  artifactKey: Guid(77487697dd2071347b19bf11836045e4) Importer(815301076,1909f56bfc062723c751e8b465ee728b)
Start importing Assets/Gogo Casual Pack/Gogo Casual Free Modular Pack/Prefabs/Modular_Classical_Floor_02_05.prefab using Guid(77487697dd2071347b19bf11836045e4) Importer(815301076,1909f56bfc062723c751e8b465ee728b) [PhysX] Initialized MultithreadedTaskDispatcher with 8 workers.
[PhysX] Initialized MultithreadedTaskDispatcher with 8 workers.
 -> (artifact id: '783547596edd73416df1945002fb1ebe') in 0.237450 seconds
Number of updated asset objects reloaded before import = 0
Number of asset objects unloaded after import = 20
========================================================================
Received Import Request.
  Time since last request: 0.000252 seconds.
  path: Assets/Gogo Casual Pack/Gogo Casual Free Modular Pack/Prefabs/Modular_Classical_Floor_04_08.prefab
  artifactKey: Guid(f0b51d5ed3effc14b913ab938825564f) Importer(815301076,1909f56bfc062723c751e8b465ee728b)
Start importing Assets/Gogo Casual Pack/Gogo Casual Free Modular Pack/Prefabs/Modular_Classical_Floor_04_08.prefab using Guid(f0b51d5ed3effc14b913ab938825564f) Importer(815301076,1909f56bfc062723c751e8b465ee728b) [PhysX] Initialized MultithreadedTaskDispatcher with 8 workers.
[PhysX] Initialized MultithreadedTaskDispatcher with 8 workers.
 -> (artifact id: '3665081f44457da21dd72b96858e1aa9') in 0.333055 seconds
Number of updated asset objects reloaded before import = 0
Number of asset objects unloaded after import = 20
========================================================================
Received Import Request.
  Time since last request: 0.000508 seconds.
  path: Assets/Gogo Casual Pack/Gogo Casual Free Modular Pack/Prefabs/Modular_Classical_Floor_02_08.prefab
  artifactKey: Guid(9f3055f493049e04ab0b46e3466c3e73) Importer(815301076,1909f56bfc062723c751e8b465ee728b)
Start importing Assets/Gogo Casual Pack/Gogo Casual Free Modular Pack/Prefabs/Modular_Classical_Floor_02_08.prefab using Guid(9f3055f493049e04ab0b46e3466c3e73) Importer(815301076,1909f56bfc062723c751e8b465ee728b) [PhysX] Initialized MultithreadedTaskDispatcher with 8 workers.
[PhysX] Initialized MultithreadedTaskDispatcher with 8 workers.
 -> (artifact id: '0fb986e13f0b96786313a62937f599ae') in 0.297977 seconds
Number of updated asset objects reloaded before import = 0
Number of asset objects unloaded after import = 20
========================================================================
Received Import Request.
  Time since last request: 0.000162 seconds.
  path: Assets/Gogo Casual Pack/Gogo Casual Free Modular Pack/Prefabs/Modular_Simple_Wall_01_02.prefab
  artifactKey: Guid(96e9853acd7e53044a706fb673644640) Importer(815301076,1909f56bfc062723c751e8b465ee728b)
Start importing Assets/Gogo Casual Pack/Gogo Casual Free Modular Pack/Prefabs/Modular_Simple_Wall_01_02.prefab using Guid(96e9853acd7e53044a706fb673644640) Importer(815301076,1909f56bfc062723c751e8b465ee728b) [PhysX] Initialized MultithreadedTaskDispatcher with 8 workers.
[PhysX] Initialized MultithreadedTaskDispatcher with 8 workers.
 -> (artifact id: '8d37a0f771bbceea8092050e62774779') in 0.198164 seconds
Number of updated asset objects reloaded before import = 0
Number of asset objects unloaded after import = 20
========================================================================
Received Import Request.
  Time since last request: 0.000063 seconds.
  path: Assets/Gogo Casual Pack/Gogo Casual Free Modular Pack/Prefabs/Modular_Classical_Floor_05_03.prefab
  artifactKey: Guid(0255a6633db52384086339c7bc2da343) Importer(815301076,1909f56bfc062723c751e8b465ee728b)
Start importing Assets/Gogo Casual Pack/Gogo Casual Free Modular Pack/Prefabs/Modular_Classical_Floor_05_03.prefab using Guid(0255a6633db52384086339c7bc2da343) Importer(815301076,1909f56bfc062723c751e8b465ee728b) [PhysX] Initialized MultithreadedTaskDispatcher with 8 workers.
[PhysX] Initialized MultithreadedTaskDispatcher with 8 workers.
 -> (artifact id: '210736e88c5623be10da7bfa7614c9c2') in 0.183437 seconds
Number of updated asset objects reloaded before import = 0
Number of asset objects unloaded after import = 20
========================================================================
Received Import Request.
  Time since last request: 0.000141 seconds.
  path: Assets/Gogo Casual Pack/Gogo Casual Free Modular Pack/Prefabs/Modular_Classical_Floor_01_09.prefab
  artifactKey: Guid(c24e8a1c1143ad14da04f17049bb1080) Importer(815301076,1909f56bfc062723c751e8b465ee728b)
Start importing Assets/Gogo Casual Pack/Gogo Casual Free Modular Pack/Prefabs/Modular_Classical_Floor_01_09.prefab using Guid(c24e8a1c1143ad14da04f17049bb1080) Importer(815301076,1909f56bfc062723c751e8b465ee728b) [PhysX] Initialized MultithreadedTaskDispatcher with 8 workers.
[PhysX] Initialized MultithreadedTaskDispatcher with 8 workers.
 -> (artifact id: '7e2ac2e30d2fcf7dd91df1331f2209be') in 0.262676 seconds
Number of updated asset objects reloaded before import = 0
Number of asset objects unloaded after import = 20
========================================================================
Received Import Request.
  Time since last request: 0.000143 seconds.
  path: Assets/Gogo Casual Pack/Gogo Casual Free Modular Pack/Prefabs/Modular_Classical_Floor_02_06.prefab
  artifactKey: Guid(93ad6adb353e05143837eed65213bd9c) Importer(815301076,1909f56bfc062723c751e8b465ee728b)
Start importing Assets/Gogo Casual Pack/Gogo Casual Free Modular Pack/Prefabs/Modular_Classical_Floor_02_06.prefab using Guid(93ad6adb353e05143837eed65213bd9c) Importer(815301076,1909f56bfc062723c751e8b465ee728b) [PhysX] Initialized MultithreadedTaskDispatcher with 8 workers.
[PhysX] Initialized MultithreadedTaskDispatcher with 8 workers.
 -> (artifact id: '8fa5d61fadb1c4734477652e8d90dc24') in 0.183331 seconds
Number of updated asset objects reloaded before import = 0
Number of asset objects unloaded after import = 20
========================================================================
Received Import Request.
  Time since last request: 0.000053 seconds.
  path: Assets/Gogo Casual Pack/Gogo Casual Free Modular Pack/Prefabs/Modular_Classical_Floor_01_02.prefab
  artifactKey: Guid(b5d599fbb652ea94f857adfe4510fb02) Importer(815301076,1909f56bfc062723c751e8b465ee728b)
Start importing Assets/Gogo Casual Pack/Gogo Casual Free Modular Pack/Prefabs/Modular_Classical_Floor_01_02.prefab using Guid(b5d599fbb652ea94f857adfe4510fb02) Importer(815301076,1909f56bfc062723c751e8b465ee728b) [PhysX] Initialized MultithreadedTaskDispatcher with 8 workers.
[PhysX] Initialized MultithreadedTaskDispatcher with 8 workers.
 -> (artifact id: '06052f323c3819b27952fb72ee166177') in 0.170767 seconds
Number of updated asset objects reloaded before import = 0
Number of asset objects unloaded after import = 20
========================================================================
Received Import Request.
  Time since last request: 0.000129 seconds.
  path: Assets/Gogo Casual Pack/Gogo Casual Free Modular Pack/Prefabs/Modular_Classical_Floor_03_07.prefab
  artifactKey: Guid(fae9671d2bb58174bb980eb98a51f0b0) Importer(815301076,1909f56bfc062723c751e8b465ee728b)
Start importing Assets/Gogo Casual Pack/Gogo Casual Free Modular Pack/Prefabs/Modular_Classical_Floor_03_07.prefab using Guid(fae9671d2bb58174bb980eb98a51f0b0) Importer(815301076,1909f56bfc062723c751e8b465ee728b) [PhysX] Initialized MultithreadedTaskDispatcher with 8 workers.
[PhysX] Initialized MultithreadedTaskDispatcher with 8 workers.
 -> (artifact id: '55ba1984cd8bc80eb7668f6c55c53f12') in 0.167840 seconds
Number of updated asset objects reloaded before import = 0
Number of asset objects unloaded after import = 20
========================================================================
Received Import Request.
  Time since last request: 0.000061 seconds.
  path: Assets/Gogo Casual Pack/Gogo Casual Free Modular Pack/Prefabs/Modular_Classical_Floor_04_01.prefab
  artifactKey: Guid(3c73edf6254aeb741b08bc4cdea83cf2) Importer(815301076,1909f56bfc062723c751e8b465ee728b)
Start importing Assets/Gogo Casual Pack/Gogo Casual Free Modular Pack/Prefabs/Modular_Classical_Floor_04_01.prefab using Guid(3c73edf6254aeb741b08bc4cdea83cf2) Importer(815301076,1909f56bfc062723c751e8b465ee728b) [PhysX] Initialized MultithreadedTaskDispatcher with 8 workers.
[PhysX] Initialized MultithreadedTaskDispatcher with 8 workers.
 -> (artifact id: 'a2af4f1c27e711b0dbfc32b5ae61612b') in 0.216642 seconds
Number of updated asset objects reloaded before import = 0
Number of asset objects unloaded after import = 20
========================================================================
Received Import Request.
  Time since last request: 0.000124 seconds.
  path: Assets/Gogo Casual Pack/Gogo Casual Free Modular Pack/Prefabs/Modular_Simple_Wall_01_04.prefab
  artifactKey: Guid(9507fb6f2c13a404197af40f17de1f60) Importer(815301076,1909f56bfc062723c751e8b465ee728b)
Start importing Assets/Gogo Casual Pack/Gogo Casual Free Modular Pack/Prefabs/Modular_Simple_Wall_01_04.prefab using Guid(9507fb6f2c13a404197af40f17de1f60) Importer(815301076,1909f56bfc062723c751e8b465ee728b) [PhysX] Initialized MultithreadedTaskDispatcher with 8 workers.
[PhysX] Initialized MultithreadedTaskDispatcher with 8 workers.
 -> (artifact id: '9444ae741ba2362f144eb337e30e9dbf') in 0.171816 seconds
Number of updated asset objects reloaded before import = 0
Number of asset objects unloaded after import = 20
========================================================================
Received Import Request.
  Time since last request: 0.000041 seconds.
  path: Assets/Gogo Casual Pack/Gogo Casual Free Modular Pack/Prefabs/Modular_Classical_Floor_01_06.prefab
  artifactKey: Guid(fa02648e91c90644eb3974520a8ba6c6) Importer(815301076,1909f56bfc062723c751e8b465ee728b)
Start importing Assets/Gogo Casual Pack/Gogo Casual Free Modular Pack/Prefabs/Modular_Classical_Floor_01_06.prefab using Guid(fa02648e91c90644eb3974520a8ba6c6) Importer(815301076,1909f56bfc062723c751e8b465ee728b) [PhysX] Initialized MultithreadedTaskDispatcher with 8 workers.
[PhysX] Initialized MultithreadedTaskDispatcher with 8 workers.
 -> (artifact id: 'ee8d52a84f13d3fbbaa251f3f558c146') in 0.163427 seconds
Number of updated asset objects reloaded before import = 0
Number of asset objects unloaded after import = 20
========================================================================
Received Import Request.
  Time since last request: 0.000053 seconds.
  path: Assets/Gogo Casual Pack/Gogo Casual Free Modular Pack/Prefabs/Modular_Classical_Floor_05_02.prefab
  artifactKey: Guid(929accd2d5be1464c924e13fcbb4a429) Importer(815301076,1909f56bfc062723c751e8b465ee728b)
Start importing Assets/Gogo Casual Pack/Gogo Casual Free Modular Pack/Prefabs/Modular_Classical_Floor_05_02.prefab using Guid(929accd2d5be1464c924e13fcbb4a429) Importer(815301076,1909f56bfc062723c751e8b465ee728b) [PhysX] Initialized MultithreadedTaskDispatcher with 8 workers.
[PhysX] Initialized MultithreadedTaskDispatcher with 8 workers.
 -> (artifact id: '38da3759baf6027265afd134be21ce17') in 0.145389 seconds
Number of updated asset objects reloaded before import = 0
Number of asset objects unloaded after import = 20
========================================================================
Received Import Request.
  Time since last request: 0.000047 seconds.
  path: Assets/Gogo Casual Pack/Gogo Casual Free Modular Pack/Prefabs/Modular_Classical_Floor_03_04.prefab
  artifactKey: Guid(83ea940df39dcf94b89596c411162665) Importer(815301076,1909f56bfc062723c751e8b465ee728b)
Start importing Assets/Gogo Casual Pack/Gogo Casual Free Modular Pack/Prefabs/Modular_Classical_Floor_03_04.prefab using Guid(83ea940df39dcf94b89596c411162665) Importer(815301076,1909f56bfc062723c751e8b465ee728b) [PhysX] Initialized MultithreadedTaskDispatcher with 8 workers.
[PhysX] Initialized MultithreadedTaskDispatcher with 8 workers.
 -> (artifact id: 'f22fbd7976aca7dc4817fa24376b0617') in 0.152180 seconds
Number of updated asset objects reloaded before import = 0
Number of asset objects unloaded after import = 20
========================================================================
Received Import Request.
  Time since last request: 0.000051 seconds.
  path: Assets/Gogo Casual Pack/Gogo Casual Free Modular Pack/Prefabs/Modular_Classical_Floor_04_02.prefab
  artifactKey: Guid(0932e5c42d6cb804bb35eb3a519c882c) Importer(815301076,1909f56bfc062723c751e8b465ee728b)
Start importing Assets/Gogo Casual Pack/Gogo Casual Free Modular Pack/Prefabs/Modular_Classical_Floor_04_02.prefab using Guid(0932e5c42d6cb804bb35eb3a519c882c) Importer(815301076,1909f56bfc062723c751e8b465ee728b) [PhysX] Initialized MultithreadedTaskDispatcher with 8 workers.
[PhysX] Initialized MultithreadedTaskDispatcher with 8 workers.
 -> (artifact id: 'c11a283d66937432557d537864a45b12') in 0.167264 seconds
Number of updated asset objects reloaded before import = 0
Number of asset objects unloaded after import = 20
========================================================================
Received Import Request.
  Time since last request: 0.000054 seconds.
  path: Assets/Gogo Casual Pack/Gogo Casual Free Modular Pack/Prefabs/Modular_Classical_Floor_06_02.prefab
  artifactKey: Guid(28888df8f5f7c0846920042a0a0fd316) Importer(815301076,1909f56bfc062723c751e8b465ee728b)
Start importing Assets/Gogo Casual Pack/Gogo Casual Free Modular Pack/Prefabs/Modular_Classical_Floor_06_02.prefab using Guid(28888df8f5f7c0846920042a0a0fd316) Importer(815301076,1909f56bfc062723c751e8b465ee728b) [PhysX] Initialized MultithreadedTaskDispatcher with 8 workers.
[PhysX] Initialized MultithreadedTaskDispatcher with 8 workers.
 -> (artifact id: '69c51c2339a81d06b871a596ea36dc0f') in 0.172026 seconds
Number of updated asset objects reloaded before import = 0
Number of asset objects unloaded after import = 20
========================================================================
Received Import Request.
  Time since last request: 0.000155 seconds.
  path: Assets/Gogo Casual Pack/Gogo Casual Free Modular Pack/Prefabs/Modular_Classical_Floor_02_09.prefab
  artifactKey: Guid(89a204b844ec2314c84b7cdcc4e3cb6e) Importer(815301076,1909f56bfc062723c751e8b465ee728b)
Start importing Assets/Gogo Casual Pack/Gogo Casual Free Modular Pack/Prefabs/Modular_Classical_Floor_02_09.prefab using Guid(89a204b844ec2314c84b7cdcc4e3cb6e) Importer(815301076,1909f56bfc062723c751e8b465ee728b) [PhysX] Initialized MultithreadedTaskDispatcher with 8 workers.
[PhysX] Initialized MultithreadedTaskDispatcher with 8 workers.
 -> (artifact id: '53a816b732bc4804e224544962f3aae8') in 0.162057 seconds
Number of updated asset objects reloaded before import = 0
Number of asset objects unloaded after import = 20
========================================================================
Received Import Request.
  Time since last request: 0.000059 seconds.
  path: Assets/Gogo Casual Pack/Gogo Casual Free Modular Pack/Prefabs/Modular_Classical_Floor_01_05.prefab
  artifactKey: Guid(1f672bbbec18e7c48a175f4e79c6547c) Importer(815301076,1909f56bfc062723c751e8b465ee728b)
Start importing Assets/Gogo Casual Pack/Gogo Casual Free Modular Pack/Prefabs/Modular_Classical_Floor_01_05.prefab using Guid(1f672bbbec18e7c48a175f4e79c6547c) Importer(815301076,1909f56bfc062723c751e8b465ee728b) [PhysX] Initialized MultithreadedTaskDispatcher with 8 workers.
[PhysX] Initialized MultithreadedTaskDispatcher with 8 workers.
 -> (artifact id: 'a08d07d2405f5257399383e47e1340e1') in 0.156920 seconds
Number of updated asset objects reloaded before import = 0
Number of asset objects unloaded after import = 20
========================================================================
Received Import Request.
  Time since last request: 0.000036 seconds.
  path: Assets/Gogo Casual Pack/Gogo Casual Free Modular Pack/Prefabs/Modular_Classical_Floor_04_03.prefab
  artifactKey: Guid(ae16c3b956e09a94e83d850496462c1b) Importer(815301076,1909f56bfc062723c751e8b465ee728b)
Start importing Assets/Gogo Casual Pack/Gogo Casual Free Modular Pack/Prefabs/Modular_Classical_Floor_04_03.prefab using Guid(ae16c3b956e09a94e83d850496462c1b) Importer(815301076,1909f56bfc062723c751e8b465ee728b) [PhysX] Initialized MultithreadedTaskDispatcher with 8 workers.
[PhysX] Initialized MultithreadedTaskDispatcher with 8 workers.
 -> (artifact id: 'c2005b2756fc81c23ff816b73d451766') in 0.161337 seconds
Number of updated asset objects reloaded before import = 0
Number of asset objects unloaded after import = 20
========================================================================
Received Import Request.
  Time since last request: 0.000083 seconds.
  path: Assets/Gogo Casual Pack/Gogo Casual Free Modular Pack/Prefabs/Modular_Classical_Floor_04_07.prefab
  artifactKey: Guid(2e9d841202f1f644d8eebc269441d30e) Importer(815301076,1909f56bfc062723c751e8b465ee728b)
Start importing Assets/Gogo Casual Pack/Gogo Casual Free Modular Pack/Prefabs/Modular_Classical_Floor_04_07.prefab using Guid(2e9d841202f1f644d8eebc269441d30e) Importer(815301076,1909f56bfc062723c751e8b465ee728b) [PhysX] Initialized MultithreadedTaskDispatcher with 8 workers.
[PhysX] Initialized MultithreadedTaskDispatcher with 8 workers.
 -> (artifact id: '33a623869ebb1af23d0764ca7cb53a10') in 0.145276 seconds
Number of updated asset objects reloaded before import = 0
Number of asset objects unloaded after import = 20
========================================================================
Received Import Request.
  Time since last request: 0.000062 seconds.
  path: Assets/Gogo Casual Pack/Gogo Casual Free Modular Pack/Prefabs/Modular_Classical_Floor_03_02.prefab
  artifactKey: Guid(750999cea6ba8ec4eb4d8e6fde1130e1) Importer(815301076,1909f56bfc062723c751e8b465ee728b)
Start importing Assets/Gogo Casual Pack/Gogo Casual Free Modular Pack/Prefabs/Modular_Classical_Floor_03_02.prefab using Guid(750999cea6ba8ec4eb4d8e6fde1130e1) Importer(815301076,1909f56bfc062723c751e8b465ee728b) [PhysX] Initialized MultithreadedTaskDispatcher with 8 workers.
[PhysX] Initialized MultithreadedTaskDispatcher with 8 workers.
 -> (artifact id: '8e79909a8612f1906aaca5c5d6554790') in 0.156923 seconds
Number of updated asset objects reloaded before import = 0
Number of asset objects unloaded after import = 20
========================================================================
Received Import Request.
  Time since last request: 0.000050 seconds.
  path: Assets/Gogo Casual Pack/Gogo Casual Free Modular Pack/Prefabs/Modular_Classical_Floor_02_03.prefab
  artifactKey: Guid(4ce0e911c4e2b654a9084a2c2997082b) Importer(815301076,1909f56bfc062723c751e8b465ee728b)
Start importing Assets/Gogo Casual Pack/Gogo Casual Free Modular Pack/Prefabs/Modular_Classical_Floor_02_03.prefab using Guid(4ce0e911c4e2b654a9084a2c2997082b) Importer(815301076,1909f56bfc062723c751e8b465ee728b) [PhysX] Initialized MultithreadedTaskDispatcher with 8 workers.
[PhysX] Initialized MultithreadedTaskDispatcher with 8 workers.
 -> (artifact id: '218ec538060c4247afbc784020e91c27') in 0.206389 seconds
Number of updated asset objects reloaded before import = 0
Number of asset objects unloaded after import = 20
========================================================================
Received Import Request.
  Time since last request: 0.000110 seconds.
  path: Assets/Gogo Casual Pack/Gogo Casual Free Light Pack/FBX/Decoration_Light_WallLamp_03_03.fbx
  artifactKey: Guid(619fc4fbab5bf2c46937ab0874281b4f) Importer(815301076,1909f56bfc062723c751e8b465ee728b)
Start importing Assets/Gogo Casual Pack/Gogo Casual Free Light Pack/FBX/Decoration_Light_WallLamp_03_03.fbx using Guid(619fc4fbab5bf2c46937ab0874281b4f) Importer(815301076,1909f56bfc062723c751e8b465ee728b) [PhysX] Initialized MultithreadedTaskDispatcher with 8 workers.
[PhysX] Initialized MultithreadedTaskDispatcher with 8 workers.
[PhysX] Initialized MultithreadedTaskDispatcher with 8 workers.
[PhysX] Initialized MultithreadedTaskDispatcher with 8 workers.
[PhysX] Initialized MultithreadedTaskDispatcher with 8 workers.
 -> (artifact id: 'bbe2cc8eea25dc877d4e8eb172c9b6ec') in 0.212038 seconds
Number of updated asset objects reloaded before import = 0
Number of asset objects unloaded after import = 11
========================================================================
Received Import Request.
  Time since last request: 0.000075 seconds.
  path: Assets/Gogo Casual Pack/Gogo Casual Free Light Pack/FBX/Decoration_Light_TableLamp_01_01.fbx
  artifactKey: Guid(5db745475d992984ea7916d2e2069d75) Importer(815301076,1909f56bfc062723c751e8b465ee728b)
Start importing Assets/Gogo Casual Pack/Gogo Casual Free Light Pack/FBX/Decoration_Light_TableLamp_01_01.fbx using Guid(5db745475d992984ea7916d2e2069d75) Importer(815301076,1909f56bfc062723c751e8b465ee728b) [PhysX] Initialized MultithreadedTaskDispatcher with 8 workers.
[PhysX] Initialized MultithreadedTaskDispatcher with 8 workers.
[PhysX] Initialized MultithreadedTaskDispatcher with 8 workers.
[PhysX] Initialized MultithreadedTaskDispatcher with 8 workers.
 -> (artifact id: 'c6f72ab767d81c2262a9102184342d1e') in 0.047934 seconds
Number of updated asset objects reloaded before import = 0
Number of asset objects unloaded after import = 10
========================================================================
Received Import Request.
  Time since last request: 0.000040 seconds.
  path: Assets/Gogo Casual Pack/Gogo Casual Free Light Pack/FBX/Decoration_Light_WallLamp_01_03.fbx
  artifactKey: Guid(a35b5a633e27fd741933d4388bf72a03) Importer(815301076,1909f56bfc062723c751e8b465ee728b)
Start importing Assets/Gogo Casual Pack/Gogo Casual Free Light Pack/FBX/Decoration_Light_WallLamp_01_03.fbx using Guid(a35b5a633e27fd741933d4388bf72a03) Importer(815301076,1909f56bfc062723c751e8b465ee728b) [PhysX] Initialized MultithreadedTaskDispatcher with 8 workers.
[PhysX] Initialized MultithreadedTaskDispatcher with 8 workers.
[PhysX] Initialized MultithreadedTaskDispatcher with 8 workers.
[PhysX] Initialized MultithreadedTaskDispatcher with 8 workers.
[PhysX] Initialized MultithreadedTaskDispatcher with 8 workers.
 -> (artifact id: '960b86c7b54b8ad152e0db01d78b711d') in 0.061778 seconds
Number of updated asset objects reloaded before import = 0
Number of asset objects unloaded after import = 11
========================================================================
Received Import Request.
  Time since last request: 0.000032 seconds.
  path: Assets/Gogo Casual Pack/Gogo Casual Free Light Pack/FBX/Decoration_Light_TableLamp_02_02.fbx
  artifactKey: Guid(0dda2d57571997847a1b787ca859125f) Importer(815301076,1909f56bfc062723c751e8b465ee728b)
Start importing Assets/Gogo Casual Pack/Gogo Casual Free Light Pack/FBX/Decoration_Light_TableLamp_02_02.fbx using Guid(0dda2d57571997847a1b787ca859125f) Importer(815301076,1909f56bfc062723c751e8b465ee728b) [PhysX] Initialized MultithreadedTaskDispatcher with 8 workers.
[PhysX] Initialized MultithreadedTaskDispatcher with 8 workers.
[PhysX] Initialized MultithreadedTaskDispatcher with 8 workers.
[PhysX] Initialized MultithreadedTaskDispatcher with 8 workers.
[PhysX] Initialized MultithreadedTaskDispatcher with 8 workers.
 -> (artifact id: '1b819826255c6d592278ef39228a6983') in 0.080517 seconds
Number of updated asset objects reloaded before import = 0
Number of asset objects unloaded after import = 11
========================================================================
Received Import Request.
  Time since last request: 0.000056 seconds.
  path: Assets/Gogo Casual Pack/Gogo Casual Free Light Pack/FBX/Decoration_Light_Switch_03.fbx
  artifactKey: Guid(a1eaa427ccb595b428f1ce57d6aa83bf) Importer(815301076,1909f56bfc062723c751e8b465ee728b)
Start importing Assets/Gogo Casual Pack/Gogo Casual Free Light Pack/FBX/Decoration_Light_Switch_03.fbx using Guid(a1eaa427ccb595b428f1ce57d6aa83bf) Importer(815301076,1909f56bfc062723c751e8b465ee728b) [PhysX] Initialized MultithreadedTaskDispatcher with 8 workers.
[PhysX] Initialized MultithreadedTaskDispatcher with 8 workers.
[PhysX] Initialized MultithreadedTaskDispatcher with 8 workers.
[PhysX] Initialized MultithreadedTaskDispatcher with 8 workers.
 -> (artifact id: 'fed7e4b30be166359b8ec87db1d86114') in 0.064291 seconds
Number of updated asset objects reloaded before import = 0
Number of asset objects unloaded after import = 10
========================================================================
Received Import Request.
  Time since last request: 0.000042 seconds.
  path: Assets/Gogo Casual Pack/Gogo Casual Free Light Pack/FBX/Decoration_Light_CeilingLamp_02_02.fbx
  artifactKey: Guid(8fda8984b980a3c4192dad5cc37de5d6) Importer(815301076,1909f56bfc062723c751e8b465ee728b)
Start importing Assets/Gogo Casual Pack/Gogo Casual Free Light Pack/FBX/Decoration_Light_CeilingLamp_02_02.fbx using Guid(8fda8984b980a3c4192dad5cc37de5d6) Importer(815301076,1909f56bfc062723c751e8b465ee728b) [PhysX] Initialized MultithreadedTaskDispatcher with 8 workers.
[PhysX] Initialized MultithreadedTaskDispatcher with 8 workers.
[PhysX] Initialized MultithreadedTaskDispatcher with 8 workers.
[PhysX] Initialized MultithreadedTaskDispatcher with 8 workers.
[PhysX] Initialized MultithreadedTaskDispatcher with 8 workers.
 -> (artifact id: '16ac4373119d277b9cfd853b5f1d37f1') in 0.075502 seconds
Number of updated asset objects reloaded before import = 0
Number of asset objects unloaded after import = 11
========================================================================
Received Import Request.
  Time since last request: 0.000210 seconds.
  path: Assets/Gogo Casual Pack/Gogo Casual Free Light Pack/Materials/Main Texture.mat
  artifactKey: Guid(b7cdbf564058f0b44a35cc9a04a783b7) Importer(815301076,1909f56bfc062723c751e8b465ee728b)
Start importing Assets/Gogo Casual Pack/Gogo Casual Free Light Pack/Materials/Main Texture.mat using Guid(b7cdbf564058f0b44a35cc9a04a783b7) Importer(815301076,1909f56bfc062723c751e8b465ee728b) [PhysX] Initialized MultithreadedTaskDispatcher with 8 workers.
[PhysX] Initialized MultithreadedTaskDispatcher with 8 workers.
 -> (artifact id: '72befe4fa4712496828e117c15d7740a') in 0.072463 seconds
Number of updated asset objects reloaded before import = 0
Number of asset objects unloaded after import = 3
========================================================================
Received Import Request.
  Time since last request: 0.000122 seconds.
  path: Assets/Gogo Casual Pack/Gogo Casual Free Light Pack/Materials/Main Transparent.mat
  artifactKey: Guid(c5c830abeb835374884799926fc33b25) Importer(815301076,1909f56bfc062723c751e8b465ee728b)
Start importing Assets/Gogo Casual Pack/Gogo Casual Free Light Pack/Materials/Main Transparent.mat using Guid(c5c830abeb835374884799926fc33b25) Importer(815301076,1909f56bfc062723c751e8b465ee728b) [PhysX] Initialized MultithreadedTaskDispatcher with 8 workers.
[PhysX] Initialized MultithreadedTaskDispatcher with 8 workers.
 -> (artifact id: '8db2179b480d97264f75feee4522c2fb') in 0.042745 seconds
Number of updated asset objects reloaded before import = 0
Number of asset objects unloaded after import = 3
========================================================================
Received Import Request.
  Time since last request: 0.000089 seconds.
  path: Assets/Gogo Casual Pack/Gogo Casual Free Light Pack/FBX/Decoration_Light_WallLamp_03_01.fbx
  artifactKey: Guid(619f1347e7ba1df43a2d3fdac1cf7161) Importer(815301076,1909f56bfc062723c751e8b465ee728b)
Start importing Assets/Gogo Casual Pack/Gogo Casual Free Light Pack/FBX/Decoration_Light_WallLamp_03_01.fbx using Guid(619f1347e7ba1df43a2d3fdac1cf7161) Importer(815301076,1909f56bfc062723c751e8b465ee728b) [PhysX] Initialized MultithreadedTaskDispatcher with 8 workers.
[PhysX] Initialized MultithreadedTaskDispatcher with 8 workers.
[PhysX] Initialized MultithreadedTaskDispatcher with 8 workers.
[PhysX] Initialized MultithreadedTaskDispatcher with 8 workers.
[PhysX] Initialized MultithreadedTaskDispatcher with 8 workers.
 -> (artifact id: '9f2b98c0e845034c0914ca50e6a72910') in 0.101394 seconds
Number of updated asset objects reloaded before import = 0
Number of asset objects unloaded after import = 11
========================================================================
Received Import Request.
  Time since last request: 0.000049 seconds.
  path: Assets/Gogo Casual Pack/Gogo Casual Free Light Pack/FBX/Decoration_Light_TableLamp_04_02.fbx
  artifactKey: Guid(284cecd52dc17cb4fa884f7ea725ef95) Importer(815301076,1909f56bfc062723c751e8b465ee728b)
Start importing Assets/Gogo Casual Pack/Gogo Casual Free Light Pack/FBX/Decoration_Light_TableLamp_04_02.fbx using Guid(284cecd52dc17cb4fa884f7ea725ef95) Importer(815301076,1909f56bfc062723c751e8b465ee728b) [PhysX] Initialized MultithreadedTaskDispatcher with 8 workers.
[PhysX] Initialized MultithreadedTaskDispatcher with 8 workers.
[PhysX] Initialized MultithreadedTaskDispatcher with 8 workers.
[PhysX] Initialized MultithreadedTaskDispatcher with 8 workers.
[PhysX] Initialized MultithreadedTaskDispatcher with 8 workers.
 -> (artifact id: 'b1f7a7b49cec24f2cc0b363d5bd82700') in 0.097361 seconds
Number of updated asset objects reloaded before import = 0
Number of asset objects unloaded after import = 10
========================================================================
Received Import Request.
  Time since last request: 0.000035 seconds.
  path: Assets/Gogo Casual Pack/Gogo Casual Free Light Pack/FBX/Decoration_Light_TableLamp_04_03.fbx
  artifactKey: Guid(dd2f1181c0e608746a1c935e37919933) Importer(815301076,1909f56bfc062723c751e8b465ee728b)
Start importing Assets/Gogo Casual Pack/Gogo Casual Free Light Pack/FBX/Decoration_Light_TableLamp_04_03.fbx using Guid(dd2f1181c0e608746a1c935e37919933) Importer(815301076,1909f56bfc062723c751e8b465ee728b) [PhysX] Initialized MultithreadedTaskDispatcher with 8 workers.
[PhysX] Initialized MultithreadedTaskDispatcher with 8 workers.
[PhysX] Initialized MultithreadedTaskDispatcher with 8 workers.
[PhysX] Initialized MultithreadedTaskDispatcher with 8 workers.
[PhysX] Initialized MultithreadedTaskDispatcher with 8 workers.
 -> (artifact id: '3473469d8657918a61d0ea8cc86bda7c') in 0.102121 seconds
Number of updated asset objects reloaded before import = 0
Number of asset objects unloaded after import = 10
========================================================================
Received Import Request.
  Time since last request: 0.000051 seconds.
  path: Assets/Gogo Casual Pack/Gogo Casual Free Light Pack/Materials/Main Mirror.mat
  artifactKey: Guid(a25b3bfc35ca8904c9433f0959cb42ae) Importer(815301076,1909f56bfc062723c751e8b465ee728b)
Start importing Assets/Gogo Casual Pack/Gogo Casual Free Light Pack/Materials/Main Mirror.mat using Guid(a25b3bfc35ca8904c9433f0959cb42ae) Importer(815301076,1909f56bfc062723c751e8b465ee728b) [PhysX] Initialized MultithreadedTaskDispatcher with 8 workers.
[PhysX] Initialized MultithreadedTaskDispatcher with 8 workers.
 -> (artifact id: '8bd4813cdf080cf50bd172df66a215cc') in 0.005569 seconds
Number of updated asset objects reloaded before import = 0
Number of asset objects unloaded after import = 2
========================================================================
Received Import Request.
  Time since last request: 0.000028 seconds.
  path: Assets/Gogo Casual Pack/Gogo Casual Free Light Pack/FBX/Decoration_Light_WallLamp_02_03.fbx
  artifactKey: Guid(1494fb3d147bc604f81a1396fd716b84) Importer(815301076,1909f56bfc062723c751e8b465ee728b)
Start importing Assets/Gogo Casual Pack/Gogo Casual Free Light Pack/FBX/Decoration_Light_WallLamp_02_03.fbx using Guid(1494fb3d147bc604f81a1396fd716b84) Importer(815301076,1909f56bfc062723c751e8b465ee728b) [PhysX] Initialized MultithreadedTaskDispatcher with 8 workers.
[PhysX] Initialized MultithreadedTaskDispatcher with 8 workers.
[PhysX] Initialized MultithreadedTaskDispatcher with 8 workers.
[PhysX] Initialized MultithreadedTaskDispatcher with 8 workers.
[PhysX] Initialized MultithreadedTaskDispatcher with 8 workers.
 -> (artifact id: 'ff33757ab7e186acf45f89243c6fc6d1') in 0.057571 seconds
Number of updated asset objects reloaded before import = 0
Number of asset objects unloaded after import = 11
========================================================================
Received Import Request.
  Time since last request: 0.000038 seconds.
  path: Assets/Gogo Casual Pack/Gogo Casual Free Light Pack/FBX/Decoration_Light_CeilingLamp_06_01.fbx
  artifactKey: Guid(2096b86f5f76c5d4688a554e3d7f0b25) Importer(815301076,1909f56bfc062723c751e8b465ee728b)
Start importing Assets/Gogo Casual Pack/Gogo Casual Free Light Pack/FBX/Decoration_Light_CeilingLamp_06_01.fbx using Guid(2096b86f5f76c5d4688a554e3d7f0b25) Importer(815301076,1909f56bfc062723c751e8b465ee728b) [PhysX] Initialized MultithreadedTaskDispatcher with 8 workers.
[PhysX] Initialized MultithreadedTaskDispatcher with 8 workers.
[PhysX] Initialized MultithreadedTaskDispatcher with 8 workers.
[PhysX] Initialized MultithreadedTaskDispatcher with 8 workers.
[PhysX] Initialized MultithreadedTaskDispatcher with 8 workers.
 -> (artifact id: 'dd9e5b1cc8417dea47a6456343788a8f') in 0.055237 seconds
Number of updated asset objects reloaded before import = 0
Number of asset objects unloaded after import = 11
========================================================================
Received Import Request.
  Time since last request: 0.000123 seconds.
  path: Assets/Gogo Casual Pack/Gogo Casual Free Light Pack/FBX/Decoration_Light_TableLamp_01_03.fbx
  artifactKey: Guid(0245973ecae260e49b0244d934a05aff) Importer(815301076,1909f56bfc062723c751e8b465ee728b)
Start importing Assets/Gogo Casual Pack/Gogo Casual Free Light Pack/FBX/Decoration_Light_TableLamp_01_03.fbx using Guid(0245973ecae260e49b0244d934a05aff) Importer(815301076,1909f56bfc062723c751e8b465ee728b) [PhysX] Initialized MultithreadedTaskDispatcher with 8 workers.
[PhysX] Initialized MultithreadedTaskDispatcher with 8 workers.
[PhysX] Initialized MultithreadedTaskDispatcher with 8 workers.
[PhysX] Initialized MultithreadedTaskDispatcher with 8 workers.
 -> (artifact id: '28c1669d94472e9f0606d2d844162c54') in 0.050750 seconds
Number of updated asset objects reloaded before import = 0
Number of asset objects unloaded after import = 10
========================================================================
Received Import Request.
  Time since last request: 0.000047 seconds.
  path: Assets/Gogo Casual Pack/Gogo Casual Free Light Pack/FBX/Decoration_Light_WallLamp_03_02.fbx
  artifactKey: Guid(a597939a44c40984eb4da0d80625fa13) Importer(815301076,1909f56bfc062723c751e8b465ee728b)
Start importing Assets/Gogo Casual Pack/Gogo Casual Free Light Pack/FBX/Decoration_Light_WallLamp_03_02.fbx using Guid(a597939a44c40984eb4da0d80625fa13) Importer(815301076,1909f56bfc062723c751e8b465ee728b) [PhysX] Initialized MultithreadedTaskDispatcher with 8 workers.
[PhysX] Initialized MultithreadedTaskDispatcher with 8 workers.
[PhysX] Initialized MultithreadedTaskDispatcher with 8 workers.
[PhysX] Initialized MultithreadedTaskDispatcher with 8 workers.
[PhysX] Initialized MultithreadedTaskDispatcher with 8 workers.
 -> (artifact id: 'f7ad3289ca1c4b5df80a62ed14441fad') in 0.053690 seconds
Number of updated asset objects reloaded before import = 0
Number of asset objects unloaded after import = 11
========================================================================
Received Import Request.
  Time since last request: 0.000052 seconds.
  path: Assets/Gogo Casual Pack/Gogo Casual Free Modular Pack/Prefabs/Modular_Classical_Floor_01_08.prefab
  artifactKey: Guid(35c1ee064ce08ad46a2c2217af194174) Importer(815301076,1909f56bfc062723c751e8b465ee728b)
Start importing Assets/Gogo Casual Pack/Gogo Casual Free Modular Pack/Prefabs/Modular_Classical_Floor_01_08.prefab using Guid(35c1ee064ce08ad46a2c2217af194174) Importer(815301076,1909f56bfc062723c751e8b465ee728b) [PhysX] Initialized MultithreadedTaskDispatcher with 8 workers.
[PhysX] Initialized MultithreadedTaskDispatcher with 8 workers.
 -> (artifact id: '46aca56e0f7620011dbaa78fbf7f7a4e') in 0.118212 seconds
Number of updated asset objects reloaded before import = 0
Number of asset objects unloaded after import = 20
========================================================================
Received Import Request.
  Time since last request: 0.000177 seconds.
  path: Assets/Gogo Casual Pack/Gogo Casual Free Light Pack/FBX/Decoration_Light_TableLamp_01_02.fbx
  artifactKey: Guid(3aa472d8a317cb445a45b77e67f78cb7) Importer(815301076,1909f56bfc062723c751e8b465ee728b)
Start importing Assets/Gogo Casual Pack/Gogo Casual Free Light Pack/FBX/Decoration_Light_TableLamp_01_02.fbx using Guid(3aa472d8a317cb445a45b77e67f78cb7) Importer(815301076,1909f56bfc062723c751e8b465ee728b) [PhysX] Initialized MultithreadedTaskDispatcher with 8 workers.
[PhysX] Initialized MultithreadedTaskDispatcher with 8 workers.
[PhysX] Initialized MultithreadedTaskDispatcher with 8 workers.
[PhysX] Initialized MultithreadedTaskDispatcher with 8 workers.
 -> (artifact id: 'bad76809afb29204f38da58785928076') in 0.054278 seconds
Number of updated asset objects reloaded before import = 0
Number of asset objects unloaded after import = 10
========================================================================
Received Import Request.
  Time since last request: 0.000068 seconds.
  path: Assets/Gogo Casual Pack/Gogo Casual Free Light Pack/FBX/Decoration_Light_WallLamp_01_01.fbx
  artifactKey: Guid(87dc19af94f30d54c8aaa354d4ca0be4) Importer(815301076,1909f56bfc062723c751e8b465ee728b)
Start importing Assets/Gogo Casual Pack/Gogo Casual Free Light Pack/FBX/Decoration_Light_WallLamp_01_01.fbx using Guid(87dc19af94f30d54c8aaa354d4ca0be4) Importer(815301076,1909f56bfc062723c751e8b465ee728b) [PhysX] Initialized MultithreadedTaskDispatcher with 8 workers.
[PhysX] Initialized MultithreadedTaskDispatcher with 8 workers.
[PhysX] Initialized MultithreadedTaskDispatcher with 8 workers.
[PhysX] Initialized MultithreadedTaskDispatcher with 8 workers.
[PhysX] Initialized MultithreadedTaskDispatcher with 8 workers.
 -> (artifact id: '4ee00a752f2abc7e679c7d55f8e8bfc8') in 0.195075 seconds
Number of updated asset objects reloaded before import = 0
Number of asset objects unloaded after import = 11
========================================================================
Received Import Request.
  Time since last request: 0.000162 seconds.
  path: Assets/Gogo Casual Pack/Gogo Casual Free Modular Pack/Prefabs/Modular_Classical_Floor_05_05.prefab
  artifactKey: Guid(347fac923c4434e4893aecee773ae70d) Importer(815301076,1909f56bfc062723c751e8b465ee728b)
Start importing Assets/Gogo Casual Pack/Gogo Casual Free Modular Pack/Prefabs/Modular_Classical_Floor_05_05.prefab using Guid(347fac923c4434e4893aecee773ae70d) Importer(815301076,1909f56bfc062723c751e8b465ee728b) [PhysX] Initialized MultithreadedTaskDispatcher with 8 workers.
[PhysX] Initialized MultithreadedTaskDispatcher with 8 workers.
 -> (artifact id: '234371786ea21ab7ece525c850189644') in 0.207897 seconds
Number of updated asset objects reloaded before import = 0
Number of asset objects unloaded after import = 20
========================================================================
Received Import Request.
  Time since last request: 0.000108 seconds.
  path: Assets/Gogo Casual Pack/Gogo Casual Free Light Pack/FBX/Decoration_Light_FanLamp_02.fbx
  artifactKey: Guid(929c2098be0c2114bbc08714707c20de) Importer(815301076,1909f56bfc062723c751e8b465ee728b)
Start importing Assets/Gogo Casual Pack/Gogo Casual Free Light Pack/FBX/Decoration_Light_FanLamp_02.fbx using Guid(929c2098be0c2114bbc08714707c20de) Importer(815301076,1909f56bfc062723c751e8b465ee728b) [PhysX] Initialized MultithreadedTaskDispatcher with 8 workers.
[PhysX] Initialized MultithreadedTaskDispatcher with 8 workers.
[PhysX] Initialized MultithreadedTaskDispatcher with 8 workers.
[PhysX] Initialized MultithreadedTaskDispatcher with 8 workers.
[PhysX] Initialized MultithreadedTaskDispatcher with 8 workers.
 -> (artifact id: '76e1d8ae92aa0052ebbb904d5d70918b') in 0.259948 seconds
Number of updated asset objects reloaded before import = 0
Number of asset objects unloaded after import = 10
========================================================================
Received Import Request.
  Time since last request: 0.000042 seconds.
  path: Assets/Gogo Casual Pack/Gogo Casual Free Modular Pack/Prefabs/Modular_Classical_Floor_01_07.prefab
  artifactKey: Guid(f6b6a4e451398f7408e9e8d88d361d44) Importer(815301076,1909f56bfc062723c751e8b465ee728b)
Start importing Assets/Gogo Casual Pack/Gogo Casual Free Modular Pack/Prefabs/Modular_Classical_Floor_01_07.prefab using Guid(f6b6a4e451398f7408e9e8d88d361d44) Importer(815301076,1909f56bfc062723c751e8b465ee728b) [PhysX] Initialized MultithreadedTaskDispatcher with 8 workers.
[PhysX] Initialized MultithreadedTaskDispatcher with 8 workers.
 -> (artifact id: '8390d9d4235addaad181c4bfe91a89bf') in 0.158497 seconds
Number of updated asset objects reloaded before import = 0
Number of asset objects unloaded after import = 20
========================================================================
Received Import Request.
  Time since last request: 0.000074 seconds.
  path: Assets/Gogo Casual Pack/Gogo Casual Free Modular Pack/Prefabs/Modular_Classical_Floor_03_08.prefab
  artifactKey: Guid(6d033f29702ef0e4c8e4bc0177722e3b) Importer(815301076,1909f56bfc062723c751e8b465ee728b)
Start importing Assets/Gogo Casual Pack/Gogo Casual Free Modular Pack/Prefabs/Modular_Classical_Floor_03_08.prefab using Guid(6d033f29702ef0e4c8e4bc0177722e3b) Importer(815301076,1909f56bfc062723c751e8b465ee728b) [PhysX] Initialized MultithreadedTaskDispatcher with 8 workers.
[PhysX] Initialized MultithreadedTaskDispatcher with 8 workers.
 -> (artifact id: '18d9be5e23f641735c5e7e4a19caff9b') in 0.138554 seconds
Number of updated asset objects reloaded before import = 0
Number of asset objects unloaded after import = 20
========================================================================
Received Import Request.
  Time since last request: 0.000044 seconds.
  path: Assets/Gogo Casual Pack/Gogo Casual Free Light Pack/FBX/Decoration_Light_FanLamp_01.fbx
  artifactKey: Guid(ed40f5cd3f9491047b82a5b62654043f) Importer(815301076,1909f56bfc062723c751e8b465ee728b)
Start importing Assets/Gogo Casual Pack/Gogo Casual Free Light Pack/FBX/Decoration_Light_FanLamp_01.fbx using Guid(ed40f5cd3f9491047b82a5b62654043f) Importer(815301076,1909f56bfc062723c751e8b465ee728b) [PhysX] Initialized MultithreadedTaskDispatcher with 8 workers.
[PhysX] Initialized MultithreadedTaskDispatcher with 8 workers.
[PhysX] Initialized MultithreadedTaskDispatcher with 8 workers.
[PhysX] Initialized MultithreadedTaskDispatcher with 8 workers.
[PhysX] Initialized MultithreadedTaskDispatcher with 8 workers.
 -> (artifact id: '50170fd5b44095d08b7bfca0895856c1') in 0.068556 seconds
Number of updated asset objects reloaded before import = 0
Number of asset objects unloaded after import = 10
========================================================================
Received Import Request.
  Time since last request: 0.000038 seconds.
  path: Assets/Gogo Casual Pack/Gogo Casual Free Light Pack/FBX/Decoration_Light_CeilingLamp_01_03.fbx
  artifactKey: Guid(0bb7c936492743644aadc489acdcd69f) Importer(815301076,1909f56bfc062723c751e8b465ee728b)
Start importing Assets/Gogo Casual Pack/Gogo Casual Free Light Pack/FBX/Decoration_Light_CeilingLamp_01_03.fbx using Guid(0bb7c936492743644aadc489acdcd69f) Importer(815301076,1909f56bfc062723c751e8b465ee728b) [PhysX] Initialized MultithreadedTaskDispatcher with 8 workers.
[PhysX] Initialized MultithreadedTaskDispatcher with 8 workers.
[PhysX] Initialized MultithreadedTaskDispatcher with 8 workers.
[PhysX] Initialized MultithreadedTaskDispatcher with 8 workers.
[PhysX] Initialized MultithreadedTaskDispatcher with 8 workers.
 -> (artifact id: '01bdefa417a7bc8d47aec3cfb511d49e') in 0.142580 seconds
Number of updated asset objects reloaded before import = 0
Number of asset objects unloaded after import = 11
========================================================================
Received Import Request.
  Time since last request: 0.000198 seconds.
  path: Assets/Gogo Casual Pack/Gogo Casual Free Light Pack/FBX/Decoration_Light_CeilingLamp_03_02.fbx
  artifactKey: Guid(da1a831aad996e048a31be7ec5af6ae7) Importer(815301076,1909f56bfc062723c751e8b465ee728b)
Start importing Assets/Gogo Casual Pack/Gogo Casual Free Light Pack/FBX/Decoration_Light_CeilingLamp_03_02.fbx using Guid(da1a831aad996e048a31be7ec5af6ae7) Importer(815301076,1909f56bfc062723c751e8b465ee728b) [PhysX] Initialized MultithreadedTaskDispatcher with 8 workers.
[PhysX] Initialized MultithreadedTaskDispatcher with 8 workers.
[PhysX] Initialized MultithreadedTaskDispatcher with 8 workers.
[PhysX] Initialized MultithreadedTaskDispatcher with 8 workers.
[PhysX] Initialized MultithreadedTaskDispatcher with 8 workers.
 -> (artifact id: 'f1664b62ff7fd9d6e23cb6867d4360cb') in 0.059455 seconds
Number of updated asset objects reloaded before import = 0
Number of asset objects unloaded after import = 11
========================================================================
Received Import Request.
  Time since last request: 0.000166 seconds.
  path: Assets/Gogo Casual Pack/Gogo Casual Free Modular Pack/Prefabs/Modular_Classical_Floor_04_05.prefab
  artifactKey: Guid(931441cc7a870244682414a44c28a92e) Importer(815301076,1909f56bfc062723c751e8b465ee728b)
Start importing Assets/Gogo Casual Pack/Gogo Casual Free Modular Pack/Prefabs/Modular_Classical_Floor_04_05.prefab using Guid(931441cc7a870244682414a44c28a92e) Importer(815301076,1909f56bfc062723c751e8b465ee728b) [PhysX] Initialized MultithreadedTaskDispatcher with 8 workers.
[PhysX] Initialized MultithreadedTaskDispatcher with 8 workers.
 -> (artifact id: '3bc6176e0dc00f76599d71281cb9dcbd') in 0.138796 seconds
Number of updated asset objects reloaded before import = 0
Number of asset objects unloaded after import = 20
========================================================================
Received Import Request.
  Time since last request: 0.000198 seconds.
  path: Assets/Gogo Casual Pack/Gogo Casual Free Light Pack/FBX/Decoration_Light_WallLamp_02_01.fbx
  artifactKey: Guid(46e59e9ecce78694e956205b20cfb9c4) Importer(815301076,1909f56bfc062723c751e8b465ee728b)
Start importing Assets/Gogo Casual Pack/Gogo Casual Free Light Pack/FBX/Decoration_Light_WallLamp_02_01.fbx using Guid(46e59e9ecce78694e956205b20cfb9c4) Importer(815301076,1909f56bfc062723c751e8b465ee728b) [PhysX] Initialized MultithreadedTaskDispatcher with 8 workers.
[PhysX] Initialized MultithreadedTaskDispatcher with 8 workers.
[PhysX] Initialized MultithreadedTaskDispatcher with 8 workers.
[PhysX] Initialized MultithreadedTaskDispatcher with 8 workers.
[PhysX] Initialized MultithreadedTaskDispatcher with 8 workers.
 -> (artifact id: '35e485ba7c2d65ce475b5f6a0e34d3af') in 0.063006 seconds
Number of updated asset objects reloaded before import = 0
Number of asset objects unloaded after import = 11
========================================================================
Received Import Request.
  Time since last request: 0.000033 seconds.
  path: Assets/Gogo Casual Pack/Gogo Casual Free Modular Pack/Prefabs/Modular_Simple_Wall_01_05.prefab
  artifactKey: Guid(ca5f3b1590d510c4c87056cef4da1a7a) Importer(815301076,1909f56bfc062723c751e8b465ee728b)
Start importing Assets/Gogo Casual Pack/Gogo Casual Free Modular Pack/Prefabs/Modular_Simple_Wall_01_05.prefab using Guid(ca5f3b1590d510c4c87056cef4da1a7a) Importer(815301076,1909f56bfc062723c751e8b465ee728b) [PhysX] Initialized MultithreadedTaskDispatcher with 8 workers.
[PhysX] Initialized MultithreadedTaskDispatcher with 8 workers.
 -> (artifact id: '0c9f80a63394f9c9d13b9abd2475a4cb') in 0.145658 seconds
Number of updated asset objects reloaded before import = 0
Number of asset objects unloaded after import = 20
========================================================================
Received Import Request.
  Time since last request: 0.000065 seconds.
  path: Assets/Gogo Casual Pack/Gogo Casual Free Light Pack/FBX/Decoration_Light_CeilingLamp_04_02.fbx
  artifactKey: Guid(670891b19a850ea458724abda8b73336) Importer(815301076,1909f56bfc062723c751e8b465ee728b)
Start importing Assets/Gogo Casual Pack/Gogo Casual Free Light Pack/FBX/Decoration_Light_CeilingLamp_04_02.fbx using Guid(670891b19a850ea458724abda8b73336) Importer(815301076,1909f56bfc062723c751e8b465ee728b) [PhysX] Initialized MultithreadedTaskDispatcher with 8 workers.
[PhysX] Initialized MultithreadedTaskDispatcher with 8 workers.
[PhysX] Initialized MultithreadedTaskDispatcher with 8 workers.
[PhysX] Initialized MultithreadedTaskDispatcher with 8 workers.
[PhysX] Initialized MultithreadedTaskDispatcher with 8 workers.
 -> (artifact id: 'ce99c3d74bafcd88365e32fc6cd8899a') in 0.071792 seconds
Number of updated asset objects reloaded before import = 0
Number of asset objects unloaded after import = 11
========================================================================
Received Import Request.
  Time since last request: 0.000080 seconds.
  path: Assets/Gogo Casual Pack/Gogo Casual Free Light Pack/Materials/Main Emissive.mat
  artifactKey: Guid(814d10f953a46f64fa769a494dc79df4) Importer(815301076,1909f56bfc062723c751e8b465ee728b)
Start importing Assets/Gogo Casual Pack/Gogo Casual Free Light Pack/Materials/Main Emissive.mat using Guid(814d10f953a46f64fa769a494dc79df4) Importer(815301076,1909f56bfc062723c751e8b465ee728b) [PhysX] Initialized MultithreadedTaskDispatcher with 8 workers.
[PhysX] Initialized MultithreadedTaskDispatcher with 8 workers.
 -> (artifact id: 'c9e3bf13c3a26dada9130f3f6a8e6e67') in 0.043054 seconds
Number of updated asset objects reloaded before import = 0
Number of asset objects unloaded after import = 3
========================================================================
Received Import Request.
  Time since last request: 1.908164 seconds.
  path: Assets/Whaleride/Hand Painted Rocks Road (Blocky)/Hand Painted Rocks Road (Blocky).mat
  artifactKey: Guid(265c1517f551bbb4db1a48e2201a96f7) Importer(815301076,1909f56bfc062723c751e8b465ee728b)
Start importing Assets/Whaleride/Hand Painted Rocks Road (Blocky)/Hand Painted Rocks Road (Blocky).mat using Guid(265c1517f551bbb4db1a48e2201a96f7) Importer(815301076,1909f56bfc062723c751e8b465ee728b) [PhysX] Initialized MultithreadedTaskDispatcher with 8 workers.
[PhysX] Initialized MultithreadedTaskDispatcher with 8 workers.
 -> (artifact id: 'd5f57a6bd1169755c3d1f3dde49a693f') in 0.054477 seconds
Number of updated asset objects reloaded before import = 0
Number of asset objects unloaded after import = 4
========================================================================
Received Import Request.
  Time since last request: 23.117204 seconds.
  path: Assets/Whaleride/Hand Painted Rocks Road (Blocky)
  artifactKey: Guid(05771b9f07050484bb2de6b094aa8f5d) Importer(815301076,1909f56bfc062723c751e8b465ee728b)
Start importing Assets/Whaleride/Hand Painted Rocks Road (Blocky) using Guid(05771b9f07050484bb2de6b094aa8f5d) Importer(815301076,1909f56bfc062723c751e8b465ee728b) [PhysX] Initialized MultithreadedTaskDispatcher with 8 workers.
 -> (artifact id: 'cb29b96243d09a3ab107ec9ac47bf86a') in 0.004040 seconds
Number of updated asset objects reloaded before import = 0
Number of asset objects unloaded after import = 0
========================================================================
Received Import Request.
  Time since last request: 4.396115 seconds.
  path: Assets/Vefects/Free Fire VFX URP/_ Extra
  artifactKey: Guid(08681770ef137c34688bb04746f6d332) Importer(815301076,1909f56bfc062723c751e8b465ee728b)
Start importing Assets/Vefects/Free Fire VFX URP/_ Extra using Guid(08681770ef137c34688bb04746f6d332) Importer(815301076,1909f56bfc062723c751e8b465ee728b) [PhysX] Initialized MultithreadedTaskDispatcher with 8 workers.
 -> (artifact id: '8b601a82691b995ceb618f2ee6de0d77') in 0.002327 seconds
Number of updated asset objects reloaded before import = 0
Number of asset objects unloaded after import = 0
========================================================================
Received Import Request.
  Time since last request: 0.519757 seconds.
  path: Assets/Vefects/Free Fire VFX URP/_ Read Me _
  artifactKey: Guid(cef1e9d7ae06d60448ac4ddeb89516f8) Importer(815301076,1909f56bfc062723c751e8b465ee728b)
Start importing Assets/Vefects/Free Fire VFX URP/_ Read Me _ using Guid(cef1e9d7ae06d60448ac4ddeb89516f8) Importer(815301076,1909f56bfc062723c751e8b465ee728b) [PhysX] Initialized MultithreadedTaskDispatcher with 8 workers.
 -> (artifact id: '18a3ab749eb82bac4e0c7be99092048c') in 0.001444 seconds
Number of updated asset objects reloaded before import = 0
Number of asset objects unloaded after import = 0
========================================================================
Received Import Request.
  Time since last request: 7.615931 seconds.
  path: Assets/ALP_Assets/Poplar Tree FREE
  artifactKey: Guid(5940ab29e102975419588524b8041c44) Importer(815301076,1909f56bfc062723c751e8b465ee728b)
Start importing Assets/ALP_Assets/Poplar Tree FREE using Guid(5940ab29e102975419588524b8041c44) Importer(815301076,1909f56bfc062723c751e8b465ee728b) [PhysX] Initialized MultithreadedTaskDispatcher with 8 workers.
 -> (artifact id: 'eceae6b7408f5d9f094afc2e892fdc41') in 0.006737 seconds
Number of updated asset objects reloaded before import = 0
Number of asset objects unloaded after import = 0
========================================================================
Received Import Request.
  Time since last request: 1.327248 seconds.
  path: Assets/ALP_Assets/Poplar Tree FREE/Models
  artifactKey: Guid(9daed604ab022464c8b4c54556a88230) Importer(815301076,1909f56bfc062723c751e8b465ee728b)
Start importing Assets/ALP_Assets/Poplar Tree FREE/Models using Guid(9daed604ab022464c8b4c54556a88230) Importer(815301076,1909f56bfc062723c751e8b465ee728b) [PhysX] Initialized MultithreadedTaskDispatcher with 8 workers.
 -> (artifact id: '4d251815819d99cb0da453fd4618a4f8') in 0.000409 seconds
Number of updated asset objects reloaded before import = 0
Number of asset objects unloaded after import = 0
========================================================================
Received Import Request.
  Time since last request: 1.747271 seconds.
  path: Assets/ALP_Assets/Poplar Tree FREE/Models/Materials
  artifactKey: Guid(cde3f049ea3d7434086752f68064582d) Importer(815301076,1909f56bfc062723c751e8b465ee728b)
Start importing Assets/ALP_Assets/Poplar Tree FREE/Models/Materials using Guid(cde3f049ea3d7434086752f68064582d) Importer(815301076,1909f56bfc062723c751e8b465ee728b) [PhysX] Initialized MultithreadedTaskDispatcher with 8 workers.
 -> (artifact id: '965aaa0741af1e705d8bbe8984b1dd6c') in 0.002763 seconds
Number of updated asset objects reloaded before import = 0
Number of asset objects unloaded after import = 0
========================================================================
Received Import Request.
  Time since last request: 0.049663 seconds.
  path: Assets/ALP_Assets/Poplar Tree FREE/Models/Materials/BarkPoplar001_ALP.mat
  artifactKey: Guid(c7d50899474f4334a8a8f85fbf655c57) Importer(815301076,1909f56bfc062723c751e8b465ee728b)
Start importing Assets/ALP_Assets/Poplar Tree FREE/Models/Materials/BarkPoplar001_ALP.mat using Guid(c7d50899474f4334a8a8f85fbf655c57) Importer(815301076,1909f56bfc062723c751e8b465ee728b) [PhysX] Initialized MultithreadedTaskDispatcher with 8 workers.
[PhysX] Initialized MultithreadedTaskDispatcher with 8 workers.
 -> (artifact id: '1e9dd535fea9762b2bdc5ca3e76e3737') in 0.853928 seconds
Number of updated asset objects reloaded before import = 0
Number of asset objects unloaded after import = 7
========================================================================
Received Import Request.
  Time since last request: 0.000142 seconds.
  path: Assets/ALP_Assets/Poplar Tree FREE/Models/Materials/Poplar001_Billboard_ALP.mat
  artifactKey: Guid(25e92fb83579e7b49badbd1b44ce69a3) Importer(815301076,1909f56bfc062723c751e8b465ee728b)
Start importing Assets/ALP_Assets/Poplar Tree FREE/Models/Materials/Poplar001_Billboard_ALP.mat using Guid(25e92fb83579e7b49badbd1b44ce69a3) Importer(815301076,1909f56bfc062723c751e8b465ee728b) [PhysX] Initialized MultithreadedTaskDispatcher with 8 workers.
[PhysX] Initialized MultithreadedTaskDispatcher with 8 workers.
 -> (artifact id: '0f644eab57ed3397bc58efd2b66c2a2f') in 0.050187 seconds
Number of updated asset objects reloaded before import = 0
Number of asset objects unloaded after import = 3
========================================================================
Received Import Request.
  Time since last request: 5.174592 seconds.
  path: Assets/ALP_Assets/Poplar Tree FREE/Models/Meshes/PoplarTree001.fbx
  artifactKey: Guid(be915314847e75b49baf8d9aeb050d28) Importer(815301076,1909f56bfc062723c751e8b465ee728b)
Start importing Assets/ALP_Assets/Poplar Tree FREE/Models/Meshes/PoplarTree001.fbx using Guid(be915314847e75b49baf8d9aeb050d28) Importer(815301076,1909f56bfc062723c751e8b465ee728b) [PhysX] Initialized MultithreadedTaskDispatcher with 8 workers.
[PhysX] Initialized MultithreadedTaskDispatcher with 8 workers.
[PhysX] Initialized MultithreadedTaskDispatcher with 8 workers.
[PhysX] Initialized MultithreadedTaskDispatcher with 8 workers.
[PhysX] Initialized MultithreadedTaskDispatcher with 8 workers.
[PhysX] Initialized MultithreadedTaskDispatcher with 8 workers.
[PhysX] Initialized MultithreadedTaskDispatcher with 8 workers.
[PhysX] Initialized MultithreadedTaskDispatcher with 8 workers.
[PhysX] Initialized MultithreadedTaskDispatcher with 8 workers.
[PhysX] Initialized MultithreadedTaskDispatcher with 8 workers.
[PhysX] Initialized MultithreadedTaskDispatcher with 8 workers.
[PhysX] Initialized MultithreadedTaskDispatcher with 8 workers.
 -> (artifact id: '6ade96e47dd17f1f9a559f83a5e0b625') in 0.402539 seconds
Number of updated asset objects reloaded before import = 0
Number of asset objects unloaded after import = 43
========================================================================
Received Import Request.
  Time since last request: 0.236796 seconds.
  path: Assets/ALP_Assets/Poplar Tree FREE/Models/Textures/BranchesPoplar001.tga
  artifactKey: Guid(d7e1bc1cf7e548c42ab1a3e87bb7a549) Importer(815301076,1909f56bfc062723c751e8b465ee728b)
Start importing Assets/ALP_Assets/Poplar Tree FREE/Models/Textures/BranchesPoplar001.tga using Guid(d7e1bc1cf7e548c42ab1a3e87bb7a549) Importer(815301076,1909f56bfc062723c751e8b465ee728b) [PhysX] Initialized MultithreadedTaskDispatcher with 8 workers.
[PhysX] Initialized MultithreadedTaskDispatcher with 8 workers.
 -> (artifact id: 'b601848d198958a73bd25f0c06012fd7') in 0.064753 seconds
Number of updated asset objects reloaded before import = 0
Number of asset objects unloaded after import = 2
========================================================================
Received Import Request.
  Time since last request: 0.000135 seconds.
  path: Assets/ALP_Assets/Poplar Tree FREE/Models/Textures/Poplar_Bark001_AO.png
  artifactKey: Guid(9328d136140fa3d49ab8cb0a448c62d0) Importer(815301076,1909f56bfc062723c751e8b465ee728b)
Start importing Assets/ALP_Assets/Poplar Tree FREE/Models/Textures/Poplar_Bark001_AO.png using Guid(9328d136140fa3d49ab8cb0a448c62d0) Importer(815301076,1909f56bfc062723c751e8b465ee728b) [PhysX] Initialized MultithreadedTaskDispatcher with 8 workers.
[PhysX] Initialized MultithreadedTaskDispatcher with 8 workers.
 -> (artifact id: 'a4f3650a802654d249903b9f1d260c45') in 0.013832 seconds
Number of updated asset objects reloaded before import = 0
Number of asset objects unloaded after import = 2
========================================================================
Received Import Request.
  Time since last request: 0.006303 seconds.
  path: Assets/ALP_Assets/Poplar Tree FREE/Models/Textures/Poplar_Bark001.png
  artifactKey: Guid(e42d5f50ff117174f8da43a7785a4531) Importer(815301076,1909f56bfc062723c751e8b465ee728b)
Start importing Assets/ALP_Assets/Poplar Tree FREE/Models/Textures/Poplar_Bark001.png using Guid(e42d5f50ff117174f8da43a7785a4531) Importer(815301076,1909f56bfc062723c751e8b465ee728b) [PhysX] Initialized MultithreadedTaskDispatcher with 8 workers.
[PhysX] Initialized MultithreadedTaskDispatcher with 8 workers.
 -> (artifact id: '953321195e539076cdb34d5071fb05cc') in 0.024074 seconds
Number of updated asset objects reloaded before import = 0
Number of asset objects unloaded after import = 2
========================================================================
Received Import Request.
  Time since last request: 0.000594 seconds.
  path: Assets/ALP_Assets/Poplar Tree FREE/Models/Textures/BranchesPoplar001_N.tga
  artifactKey: Guid(f0ee2b666bf7b4943a6415517ca86f94) Importer(815301076,1909f56bfc062723c751e8b465ee728b)
Start importing Assets/ALP_Assets/Poplar Tree FREE/Models/Textures/BranchesPoplar001_N.tga using Guid(f0ee2b666bf7b4943a6415517ca86f94) Importer(815301076,1909f56bfc062723c751e8b465ee728b) [PhysX] Initialized MultithreadedTaskDispatcher with 8 workers.
[PhysX] Initialized MultithreadedTaskDispatcher with 8 workers.
 -> (artifact id: '82b61295ce1930f8771d5768c2fe350b') in 0.018423 seconds
Number of updated asset objects reloaded before import = 0
Number of asset objects unloaded after import = 2
========================================================================
Received Import Request.
  Time since last request: 0.000078 seconds.
  path: Assets/ALP_Assets/Poplar Tree FREE/Models/Textures/GreenGround.png
  artifactKey: Guid(2b890606f4512444aa34f94f9f447f6a) Importer(815301076,1909f56bfc062723c751e8b465ee728b)
Start importing Assets/ALP_Assets/Poplar Tree FREE/Models/Textures/GreenGround.png using Guid(2b890606f4512444aa34f94f9f447f6a) Importer(815301076,1909f56bfc062723c751e8b465ee728b) [PhysX] Initialized MultithreadedTaskDispatcher with 8 workers.
[PhysX] Initialized MultithreadedTaskDispatcher with 8 workers.
 -> (artifact id: 'c1aa1f0f20a7ecc9ed7958f8c2dcfc67') in 0.006571 seconds
Number of updated asset objects reloaded before import = 0
Number of asset objects unloaded after import = 2
========================================================================
Received Import Request.
  Time since last request: 0.000025 seconds.
  path: Assets/ALP_Assets/Poplar Tree FREE/Models/Textures/GreyGround.png
  artifactKey: Guid(0193d1326dc462c488d30622eb0f8aae) Importer(815301076,1909f56bfc062723c751e8b465ee728b)
Start importing Assets/ALP_Assets/Poplar Tree FREE/Models/Textures/GreyGround.png using Guid(0193d1326dc462c488d30622eb0f8aae) Importer(815301076,1909f56bfc062723c751e8b465ee728b) [PhysX] Initialized MultithreadedTaskDispatcher with 8 workers.
[PhysX] Initialized MultithreadedTaskDispatcher with 8 workers.
 -> (artifact id: '8be4129897a5993ee553aa6e3fa68cd2') in 0.006085 seconds
Number of updated asset objects reloaded before import = 0
Number of asset objects unloaded after import = 2
========================================================================
Received Import Request.
  Time since last request: 0.000231 seconds.
  path: Assets/ALP_Assets/Poplar Tree FREE/Models/Textures/Poplar_Bark001_S.png
  artifactKey: Guid(f2aeab5bcdc6d1e4393e00823f1dffd0) Importer(815301076,1909f56bfc062723c751e8b465ee728b)
Start importing Assets/ALP_Assets/Poplar Tree FREE/Models/Textures/Poplar_Bark001_S.png using Guid(f2aeab5bcdc6d1e4393e00823f1dffd0) Importer(815301076,1909f56bfc062723c751e8b465ee728b) [PhysX] Initialized MultithreadedTaskDispatcher with 8 workers.
[PhysX] Initialized MultithreadedTaskDispatcher with 8 workers.
 -> (artifact id: 'c3fdd9812d8e938d99e4351856364605') in 0.015393 seconds
Number of updated asset objects reloaded before import = 0
Number of asset objects unloaded after import = 2
========================================================================
Received Import Request.
  Time since last request: 3.842958 seconds.
  path: Assets/ALP_Assets/Poplar Tree FREE/TerrainLayers/Brown.terrainlayer
  artifactKey: Guid(f2b04dadcab983d44a793ad1e365a236) Importer(815301076,1909f56bfc062723c751e8b465ee728b)
Start importing Assets/ALP_Assets/Poplar Tree FREE/TerrainLayers/Brown.terrainlayer using Guid(f2b04dadcab983d44a793ad1e365a236) Importer(815301076,1909f56bfc062723c751e8b465ee728b) [PhysX] Initialized MultithreadedTaskDispatcher with 8 workers.
 -> (artifact id: 'daf24d10d2ff628d19f8f7ec424a5e9b') in 0.098734 seconds
Number of updated asset objects reloaded before import = 0
Number of asset objects unloaded after import = 2
========================================================================
Received Import Request.
  Time since last request: 0.000192 seconds.
  path: Assets/ALP_Assets/Poplar Tree FREE/TerrainLayers/Grey.terrainlayer
  artifactKey: Guid(c7cedc5452c43d34699762839771afcd) Importer(815301076,1909f56bfc062723c751e8b465ee728b)
Start importing Assets/ALP_Assets/Poplar Tree FREE/TerrainLayers/Grey.terrainlayer using Guid(c7cedc5452c43d34699762839771afcd) Importer(815301076,1909f56bfc062723c751e8b465ee728b) [PhysX] Initialized MultithreadedTaskDispatcher with 8 workers.
 -> (artifact id: '7c528e9519bfd6d070f4e0b57a108c63') in 0.004500 seconds
Number of updated asset objects reloaded before import = 0
Number of asset objects unloaded after import = 2
========================================================================
Received Import Request.
  Time since last request: 474.609758 seconds.
  path: Assets/Whaleride/Hand Painted Rocks Road (Blocky)/Hand Painted Rocks Road (Blocky).mat
  artifactKey: Guid(265c1517f551bbb4db1a48e2201a96f7) Importer(815301076,1909f56bfc062723c751e8b465ee728b)
Start importing Assets/Whaleride/Hand Painted Rocks Road (Blocky)/Hand Painted Rocks Road (Blocky).mat using Guid(265c1517f551bbb4db1a48e2201a96f7) Importer(815301076,1909f56bfc062723c751e8b465ee728b) [PhysX] Initialized MultithreadedTaskDispatcher with 8 workers.
[PhysX] Initialized MultithreadedTaskDispatcher with 8 workers.
 -> (artifact id: '31a933dd6b0d25f384f3bf02940f9296') in 0.803832 seconds
Number of updated asset objects reloaded before import = 0
Number of asset objects unloaded after import = 4
========================================================================
Received Prepare
Caller must complete domain reload
Begin MonoManager ReloadAssembly
Thread 0x29fcc7000 may have been prematurely finalized
- Loaded All Assemblies, in  1.154 seconds
Native extension for OSXStandalone target not found
Mono: successfully reloaded assembly
- Finished resetting the current domain, in  1.366 seconds
Domain Reload Profiling: 2526ms
	BeginReloadAssembly (649ms)
		ExecutionOrderSort (0ms)
		DisableScriptedObjects (103ms)
		BackupInstance (0ms)
		ReleaseScriptingObjects (1ms)
		CreateAndSetChildDomain (315ms)
	RebuildCommonClasses (26ms)
	RebuildNativeTypeToScriptingClass (7ms)
	initialDomainReloadingComplete (32ms)
	LoadAllAssembliesAndSetupDomain (446ms)
		LoadAssemblies (510ms)
		RebuildTransferFunctionScriptingTraits (0ms)
		AnalyzeDomain (33ms)
			TypeCache.Refresh (20ms)
				TypeCache.ScanAssembly (0ms)
			ScanForSourceGeneratedMonoScriptInfo (0ms)
			ResolveRequiredComponents (12ms)
	FinalizeReload (1367ms)
		ReleaseScriptCaches (0ms)
		RebuildScriptCaches (0ms)
		SetupLoadedEditorAssemblies (425ms)
			LogAssemblyErrors (0ms)
			InitializePlatformSupportModulesInManaged (4ms)
			SetLoadedEditorAssemblies (5ms)
			RefreshPlugins (0ms)
			BeforeProcessingInitializeOnLoad (55ms)
			ProcessInitializeOnLoadAttributes (319ms)
			ProcessInitializeOnLoadMethodAttributes (41ms)
			AfterProcessingInitializeOnLoad (1ms)
			EditorAssembliesLoaded (0ms)
		ExecutionOrderSort2 (0ms)
		AwakeInstancesAfterBackupRestoration (6ms)
Refreshing native plugins compatible for Editor in 5.10 ms, found 2 plugins.
Preloading 0 native plugins for Editor in 0.00 ms.
Unloading 5470 Unused Serialized files (Serialized files now loaded: 0)
Unloading 22 unused Assets / (415.1 KB). Loaded Objects now: 6158.
Memory consumption went from 218.6 MB to 218.2 MB.
Total: 11.604958 ms (FindLiveObjects: 0.553125 ms CreateObjectMapping: 0.088666 ms MarkObjects: 10.007958 ms  DeleteObjects: 0.954458 ms)

Prepare: number of updated asset objects reloaded= 0
AssetImportParameters requested are different than current active one (requested -> active):
  custom:container-demuxer-ogg: 62fdf1f143b41e24485cea50d1cbac27 -> 
  custom:video-decoder-ogg-theora: a1e56fd34408186e4bbccfd4996cb3dc -> 
  custom:CustomObjectIndexerAttribute: 72b91833f83ae208fae7752999fa3104 -> 
  custom:container-demuxer-webm: 4f35f7cbe854078d1ac9338744f61a02 -> 
  custom:container-muxer-webm: aa71ff27fc2769a1b78a27578f13a17b -> 
  custom:video-decoder-webm-vp8: 9c59270c3fd7afecdb556c50c9e8de78 -> 
  custom:SearchIndexIgnoredProperties: e643bd26f0fe6173181afceb89e7c659 -> 
  custom:AudioImporter_EditorPlatform: 3918e3fc78b5a79bad01e8451be0beb8 -> 
  custom:framework-osx-AVFoundation: e770b220cccbd017edd2c1fefb359320 -> 
  custom:video-encoder-webm-vp8: eb34c28f22e8b96e1ab97ce403110664 -> 
  custom:audio-decoder-ogg-vorbis: bf7c407c2cedff20999df2af8eb42d56 -> 
  custom:audio-encoder-webm-vorbis: bf7c407c2cedff20999df2af8eb42d56 -> 
========================================================================
Received Prepare
Caller must complete domain reload
Begin MonoManager ReloadAssembly
Thread 0x16f597000 may have been prematurely finalized
- Loaded All Assemblies, in  0.770 seconds
Native extension for OSXStandalone target not found
Mono: successfully reloaded assembly
- Finished resetting the current domain, in  1.100 seconds
Domain Reload Profiling: 1877ms
	BeginReloadAssembly (376ms)
		ExecutionOrderSort (0ms)
		DisableScriptedObjects (7ms)
		BackupInstance (0ms)
		ReleaseScriptingObjects (0ms)
		CreateAndSetChildDomain (164ms)
	RebuildCommonClasses (26ms)
	RebuildNativeTypeToScriptingClass (8ms)
	initialDomainReloadingComplete (36ms)
	LoadAllAssembliesAndSetupDomain (330ms)
		LoadAssemblies (428ms)
		RebuildTransferFunctionScriptingTraits (0ms)
		AnalyzeDomain (38ms)
			TypeCache.Refresh (19ms)
				TypeCache.ScanAssembly (0ms)
			ScanForSourceGeneratedMonoScriptInfo (0ms)
			ResolveRequiredComponents (17ms)
	FinalizeReload (1101ms)
		ReleaseScriptCaches (0ms)
		RebuildScriptCaches (0ms)
		SetupLoadedEditorAssemblies (342ms)
			LogAssemblyErrors (0ms)
			InitializePlatformSupportModulesInManaged (3ms)
			SetLoadedEditorAssemblies (4ms)
			RefreshPlugins (0ms)
			BeforeProcessingInitializeOnLoad (46ms)
			ProcessInitializeOnLoadAttributes (252ms)
			ProcessInitializeOnLoadMethodAttributes (36ms)
			AfterProcessingInitializeOnLoad (1ms)
			EditorAssembliesLoaded (0ms)
		ExecutionOrderSort2 (0ms)
		AwakeInstancesAfterBackupRestoration (5ms)
Refreshing native plugins compatible for Editor in 0.89 ms, found 2 plugins.
Preloading 0 native plugins for Editor in 0.00 ms.
Unloading 5470 Unused Serialized files (Serialized files now loaded: 0)
Unloading 22 unused Assets / (415.4 KB). Loaded Objects now: 6174.
Memory consumption went from 222.8 MB to 222.4 MB.
Total: 4.123834 ms (FindLiveObjects: 0.377167 ms CreateObjectMapping: 0.055333 ms MarkObjects: 3.440667 ms  DeleteObjects: 0.250334 ms)

Prepare: number of updated asset objects reloaded= 0
AssetImportParameters requested are different than current active one (requested -> active):
  custom:container-demuxer-ogg: 62fdf1f143b41e24485cea50d1cbac27 -> 
  custom:video-decoder-ogg-theora: a1e56fd34408186e4bbccfd4996cb3dc -> 
  custom:CustomObjectIndexerAttribute: 72b91833f83ae208fae7752999fa3104 -> 
  custom:container-demuxer-webm: 4f35f7cbe854078d1ac9338744f61a02 -> 
  custom:container-muxer-webm: aa71ff27fc2769a1b78a27578f13a17b -> 
  custom:video-decoder-webm-vp8: 9c59270c3fd7afecdb556c50c9e8de78 -> 
  custom:SearchIndexIgnoredProperties: e643bd26f0fe6173181afceb89e7c659 -> 
  custom:AudioImporter_EditorPlatform: 3918e3fc78b5a79bad01e8451be0beb8 -> 
  custom:framework-osx-AVFoundation: e770b220cccbd017edd2c1fefb359320 -> 
  custom:video-encoder-webm-vp8: eb34c28f22e8b96e1ab97ce403110664 -> 
  custom:audio-decoder-ogg-vorbis: bf7c407c2cedff20999df2af8eb42d56 -> 
  custom:audio-encoder-webm-vorbis: bf7c407c2cedff20999df2af8eb42d56 -> 
========================================================================
Received Prepare
Caller must complete domain reload
Begin MonoManager ReloadAssembly
Thread 0x16f597000 may have been prematurely finalized
- Loaded All Assemblies, in  0.530 seconds
Native extension for OSXStandalone target not found
Mono: successfully reloaded assembly
- Finished resetting the current domain, in  1.515 seconds
Domain Reload Profiling: 2048ms
	BeginReloadAssembly (201ms)
		ExecutionOrderSort (0ms)
		DisableScriptedObjects (4ms)
		BackupInstance (0ms)
		ReleaseScriptingObjects (0ms)
		CreateAndSetChildDomain (87ms)
	RebuildCommonClasses (19ms)
	RebuildNativeTypeToScriptingClass (7ms)
	initialDomainReloadingComplete (16ms)
	LoadAllAssembliesAndSetupDomain (289ms)
		LoadAssemblies (313ms)
		RebuildTransferFunctionScriptingTraits (0ms)
		AnalyzeDomain (46ms)
			TypeCache.Refresh (35ms)
				TypeCache.ScanAssembly (0ms)
			ScanForSourceGeneratedMonoScriptInfo (0ms)
			ResolveRequiredComponents (10ms)
	FinalizeReload (1515ms)
		ReleaseScriptCaches (0ms)
		RebuildScriptCaches (0ms)
		SetupLoadedEditorAssemblies (342ms)
			LogAssemblyErrors (0ms)
			InitializePlatformSupportModulesInManaged (6ms)
			SetLoadedEditorAssemblies (4ms)
			RefreshPlugins (0ms)
			BeforeProcessingInitializeOnLoad (46ms)
			ProcessInitializeOnLoadAttributes (250ms)
			ProcessInitializeOnLoadMethodAttributes (36ms)
			AfterProcessingInitializeOnLoad (1ms)
			EditorAssembliesLoaded (0ms)
		ExecutionOrderSort2 (0ms)
		AwakeInstancesAfterBackupRestoration (6ms)
Refreshing native plugins compatible for Editor in 3.97 ms, found 2 plugins.
Preloading 0 native plugins for Editor in 0.00 ms.
Unloading 5470 Unused Serialized files (Serialized files now loaded: 0)
Unloading 22 unused Assets / (415.4 KB). Loaded Objects now: 6190.
Memory consumption went from 227.1 MB to 226.7 MB.
Total: 11.463416 ms (FindLiveObjects: 1.007500 ms CreateObjectMapping: 0.073166 ms MarkObjects: 9.946084 ms  DeleteObjects: 0.435750 ms)

Prepare: number of updated asset objects reloaded= 0
AssetImportParameters requested are different than current active one (requested -> active):
  custom:container-demuxer-ogg: 62fdf1f143b41e24485cea50d1cbac27 -> 
  custom:video-decoder-ogg-theora: a1e56fd34408186e4bbccfd4996cb3dc -> 
  custom:CustomObjectIndexerAttribute: 72b91833f83ae208fae7752999fa3104 -> 
  custom:container-demuxer-webm: 4f35f7cbe854078d1ac9338744f61a02 -> 
  custom:container-muxer-webm: aa71ff27fc2769a1b78a27578f13a17b -> 
  custom:video-decoder-webm-vp8: 9c59270c3fd7afecdb556c50c9e8de78 -> 
  custom:SearchIndexIgnoredProperties: e643bd26f0fe6173181afceb89e7c659 -> 
  custom:AudioImporter_EditorPlatform: 3918e3fc78b5a79bad01e8451be0beb8 -> 
  custom:framework-osx-AVFoundation: e770b220cccbd017edd2c1fefb359320 -> 
  custom:video-encoder-webm-vp8: eb34c28f22e8b96e1ab97ce403110664 -> 
  custom:audio-decoder-ogg-vorbis: bf7c407c2cedff20999df2af8eb42d56 -> 
  custom:audio-encoder-webm-vorbis: bf7c407c2cedff20999df2af8eb42d56 -> 
========================================================================
Received Prepare
Caller must complete domain reload
Begin MonoManager ReloadAssembly
Thread 0x16f597000 may have been prematurely finalized
- Loaded All Assemblies, in  0.798 seconds
Native extension for OSXStandalone target not found
Mono: successfully reloaded assembly
- Finished resetting the current domain, in  1.499 seconds
Domain Reload Profiling: 2305ms
	BeginReloadAssembly (383ms)
		ExecutionOrderSort (0ms)
		DisableScriptedObjects (18ms)
		BackupInstance (0ms)
		ReleaseScriptingObjects (1ms)
		CreateAndSetChildDomain (151ms)
	RebuildCommonClasses (32ms)
	RebuildNativeTypeToScriptingClass (11ms)
	initialDomainReloadingComplete (28ms)
	LoadAllAssembliesAndSetupDomain (350ms)
		LoadAssemblies (431ms)
		RebuildTransferFunctionScriptingTraits (0ms)
		AnalyzeDomain (38ms)
			TypeCache.Refresh (22ms)
				TypeCache.ScanAssembly (0ms)
			ScanForSourceGeneratedMonoScriptInfo (0ms)
			ResolveRequiredComponents (14ms)
	FinalizeReload (1502ms)
		ReleaseScriptCaches (0ms)
		RebuildScriptCaches (0ms)
		SetupLoadedEditorAssemblies (496ms)
			LogAssemblyErrors (0ms)
			InitializePlatformSupportModulesInManaged (3ms)
			SetLoadedEditorAssemblies (4ms)
			RefreshPlugins (0ms)
			BeforeProcessingInitializeOnLoad (50ms)
			ProcessInitializeOnLoadAttributes (384ms)
			ProcessInitializeOnLoadMethodAttributes (53ms)
			AfterProcessingInitializeOnLoad (1ms)
			EditorAssembliesLoaded (0ms)
		ExecutionOrderSort2 (0ms)
		AwakeInstancesAfterBackupRestoration (14ms)
Refreshing native plugins compatible for Editor in 3.62 ms, found 2 plugins.
Preloading 0 native plugins for Editor in 0.00 ms.
Unloading 5470 Unused Serialized files (Serialized files now loaded: 0)
Unloading 22 unused Assets / (414.9 KB). Loaded Objects now: 6206.
Memory consumption went from 231.3 MB to 230.9 MB.
Total: 54.785667 ms (FindLiveObjects: 0.729833 ms CreateObjectMapping: 0.150167 ms MarkObjects: 52.167042 ms  DeleteObjects: 1.736667 ms)

Prepare: number of updated asset objects reloaded= 0
AssetImportParameters requested are different than current active one (requested -> active):
  custom:container-demuxer-ogg: 62fdf1f143b41e24485cea50d1cbac27 -> 
  custom:video-decoder-ogg-theora: a1e56fd34408186e4bbccfd4996cb3dc -> 
  custom:CustomObjectIndexerAttribute: 72b91833f83ae208fae7752999fa3104 -> 
  custom:container-demuxer-webm: 4f35f7cbe854078d1ac9338744f61a02 -> 
  custom:container-muxer-webm: aa71ff27fc2769a1b78a27578f13a17b -> 
  custom:video-decoder-webm-vp8: 9c59270c3fd7afecdb556c50c9e8de78 -> 
  custom:SearchIndexIgnoredProperties: e643bd26f0fe6173181afceb89e7c659 -> 
  custom:AudioImporter_EditorPlatform: 3918e3fc78b5a79bad01e8451be0beb8 -> 
  custom:framework-osx-AVFoundation: e770b220cccbd017edd2c1fefb359320 -> 
  custom:video-encoder-webm-vp8: eb34c28f22e8b96e1ab97ce403110664 -> 
  custom:audio-decoder-ogg-vorbis: bf7c407c2cedff20999df2af8eb42d56 -> 
  custom:audio-encoder-webm-vorbis: bf7c407c2cedff20999df2af8eb42d56 -> 
========================================================================
Received Prepare
Caller must complete domain reload
Begin MonoManager ReloadAssembly
Thread 0x16f597000 may have been prematurely finalized
- Loaded All Assemblies, in  0.863 seconds
Native extension for OSXStandalone target not found
Mono: successfully reloaded assembly
- Finished resetting the current domain, in  1.111 seconds
Domain Reload Profiling: 1979ms
	BeginReloadAssembly (388ms)
		ExecutionOrderSort (0ms)
		DisableScriptedObjects (17ms)
		BackupInstance (0ms)
		ReleaseScriptingObjects (0ms)
		CreateAndSetChildDomain (136ms)
	RebuildCommonClasses (40ms)
	RebuildNativeTypeToScriptingClass (14ms)
	initialDomainReloadingComplete (26ms)
	LoadAllAssembliesAndSetupDomain (401ms)
		LoadAssemblies (491ms)
		RebuildTransferFunctionScriptingTraits (0ms)
		AnalyzeDomain (46ms)
			TypeCache.Refresh (29ms)
				TypeCache.ScanAssembly (0ms)
			ScanForSourceGeneratedMonoScriptInfo (0ms)
			ResolveRequiredComponents (15ms)
	FinalizeReload (1111ms)
		ReleaseScriptCaches (0ms)
		RebuildScriptCaches (0ms)
		SetupLoadedEditorAssemblies (358ms)
			LogAssemblyErrors (0ms)
			InitializePlatformSupportModulesInManaged (3ms)
			SetLoadedEditorAssemblies (5ms)
			RefreshPlugins (0ms)
			BeforeProcessingInitializeOnLoad (46ms)
			ProcessInitializeOnLoadAttributes (257ms)
			ProcessInitializeOnLoadMethodAttributes (46ms)
			AfterProcessingInitializeOnLoad (1ms)
			EditorAssembliesLoaded (0ms)
		ExecutionOrderSort2 (0ms)
		AwakeInstancesAfterBackupRestoration (7ms)
Refreshing native plugins compatible for Editor in 14.53 ms, found 2 plugins.
Preloading 0 native plugins for Editor in 0.00 ms.
Unloading 5470 Unused Serialized files (Serialized files now loaded: 0)
Unloading 22 unused Assets / (415.6 KB). Loaded Objects now: 6222.
Memory consumption went from 235.4 MB to 235.0 MB.
Total: 70.090125 ms (FindLiveObjects: 7.640542 ms CreateObjectMapping: 1.896500 ms MarkObjects: 54.445875 ms  DeleteObjects: 6.102209 ms)

Prepare: number of updated asset objects reloaded= 0
AssetImportParameters requested are different than current active one (requested -> active):
  custom:container-demuxer-ogg: 62fdf1f143b41e24485cea50d1cbac27 -> 
  custom:video-decoder-ogg-theora: a1e56fd34408186e4bbccfd4996cb3dc -> 
  custom:CustomObjectIndexerAttribute: 72b91833f83ae208fae7752999fa3104 -> 
  custom:container-demuxer-webm: 4f35f7cbe854078d1ac9338744f61a02 -> 
  custom:container-muxer-webm: aa71ff27fc2769a1b78a27578f13a17b -> 
  custom:video-decoder-webm-vp8: 9c59270c3fd7afecdb556c50c9e8de78 -> 
  custom:SearchIndexIgnoredProperties: e643bd26f0fe6173181afceb89e7c659 -> 
  custom:AudioImporter_EditorPlatform: 3918e3fc78b5a79bad01e8451be0beb8 -> 
  custom:framework-osx-AVFoundation: e770b220cccbd017edd2c1fefb359320 -> 
  custom:video-encoder-webm-vp8: eb34c28f22e8b96e1ab97ce403110664 -> 
  custom:audio-decoder-ogg-vorbis: bf7c407c2cedff20999df2af8eb42d56 -> 
  custom:audio-encoder-webm-vorbis: bf7c407c2cedff20999df2af8eb42d56 -> 
========================================================================
Received Prepare
Caller must complete domain reload
Begin MonoManager ReloadAssembly
Thread 0x16f597000 may have been prematurely finalized
- Loaded All Assemblies, in  0.524 seconds
Native extension for OSXStandalone target not found
Mono: successfully reloaded assembly
- Finished resetting the current domain, in  1.557 seconds
Domain Reload Profiling: 2084ms
	BeginReloadAssembly (190ms)
		ExecutionOrderSort (0ms)
		DisableScriptedObjects (4ms)
		BackupInstance (0ms)
		ReleaseScriptingObjects (1ms)
		CreateAndSetChildDomain (58ms)
	RebuildCommonClasses (24ms)
	RebuildNativeTypeToScriptingClass (10ms)
	initialDomainReloadingComplete (27ms)
	LoadAllAssembliesAndSetupDomain (277ms)
		LoadAssemblies (325ms)
		RebuildTransferFunctionScriptingTraits (0ms)
		AnalyzeDomain (36ms)
			TypeCache.Refresh (23ms)
				TypeCache.ScanAssembly (0ms)
			ScanForSourceGeneratedMonoScriptInfo (0ms)
			ResolveRequiredComponents (12ms)
	FinalizeReload (1557ms)
		ReleaseScriptCaches (0ms)
		RebuildScriptCaches (0ms)
		SetupLoadedEditorAssemblies (363ms)
			LogAssemblyErrors (0ms)
			InitializePlatformSupportModulesInManaged (4ms)
			SetLoadedEditorAssemblies (5ms)
			RefreshPlugins (0ms)
			BeforeProcessingInitializeOnLoad (50ms)
			ProcessInitializeOnLoadAttributes (259ms)
			ProcessInitializeOnLoadMethodAttributes (43ms)
			AfterProcessingInitializeOnLoad (1ms)
			EditorAssembliesLoaded (1ms)
		ExecutionOrderSort2 (0ms)
		AwakeInstancesAfterBackupRestoration (9ms)
Refreshing native plugins compatible for Editor in 0.73 ms, found 2 plugins.
Preloading 0 native plugins for Editor in 0.00 ms.
Unloading 5470 Unused Serialized files (Serialized files now loaded: 0)
Unloading 22 unused Assets / (415.5 KB). Loaded Objects now: 6238.
Memory consumption went from 239.6 MB to 239.2 MB.
Total: 4.158208 ms (FindLiveObjects: 0.262500 ms CreateObjectMapping: 0.057750 ms MarkObjects: 3.673417 ms  DeleteObjects: 0.163833 ms)

Prepare: number of updated asset objects reloaded= 0
AssetImportParameters requested are different than current active one (requested -> active):
  custom:container-demuxer-ogg: 62fdf1f143b41e24485cea50d1cbac27 -> 
  custom:video-decoder-ogg-theora: a1e56fd34408186e4bbccfd4996cb3dc -> 
  custom:CustomObjectIndexerAttribute: 72b91833f83ae208fae7752999fa3104 -> 
  custom:container-demuxer-webm: 4f35f7cbe854078d1ac9338744f61a02 -> 
  custom:container-muxer-webm: aa71ff27fc2769a1b78a27578f13a17b -> 
  custom:video-decoder-webm-vp8: 9c59270c3fd7afecdb556c50c9e8de78 -> 
  custom:SearchIndexIgnoredProperties: e643bd26f0fe6173181afceb89e7c659 -> 
  custom:AudioImporter_EditorPlatform: 3918e3fc78b5a79bad01e8451be0beb8 -> 
  custom:framework-osx-AVFoundation: e770b220cccbd017edd2c1fefb359320 -> 
  custom:video-encoder-webm-vp8: eb34c28f22e8b96e1ab97ce403110664 -> 
  custom:audio-decoder-ogg-vorbis: bf7c407c2cedff20999df2af8eb42d56 -> 
  custom:audio-encoder-webm-vorbis: bf7c407c2cedff20999df2af8eb42d56 -> 
========================================================================
Received Prepare
Caller must complete domain reload
Begin MonoManager ReloadAssembly
Thread 0x16f597000 may have been prematurely finalized
- Loaded All Assemblies, in  0.751 seconds
Native extension for OSXStandalone target not found
Mono: successfully reloaded assembly
- Finished resetting the current domain, in  1.231 seconds
Domain Reload Profiling: 1985ms
	BeginReloadAssembly (257ms)
		ExecutionOrderSort (0ms)
		DisableScriptedObjects (6ms)
		BackupInstance (0ms)
		ReleaseScriptingObjects (0ms)
		CreateAndSetChildDomain (95ms)
	RebuildCommonClasses (39ms)
	RebuildNativeTypeToScriptingClass (8ms)
	initialDomainReloadingComplete (36ms)
	LoadAllAssembliesAndSetupDomain (414ms)
		LoadAssemblies (459ms)
		RebuildTransferFunctionScriptingTraits (0ms)
		AnalyzeDomain (55ms)
			TypeCache.Refresh (32ms)
				TypeCache.ScanAssembly (0ms)
			ScanForSourceGeneratedMonoScriptInfo (0ms)
			ResolveRequiredComponents (20ms)
	FinalizeReload (1232ms)
		ReleaseScriptCaches (0ms)
		RebuildScriptCaches (0ms)
		SetupLoadedEditorAssemblies (346ms)
			LogAssemblyErrors (0ms)
			InitializePlatformSupportModulesInManaged (3ms)
			SetLoadedEditorAssemblies (3ms)
			RefreshPlugins (0ms)
			BeforeProcessingInitializeOnLoad (43ms)
			ProcessInitializeOnLoadAttributes (260ms)
			ProcessInitializeOnLoadMethodAttributes (36ms)
			AfterProcessingInitializeOnLoad (1ms)
			EditorAssembliesLoaded (0ms)
		ExecutionOrderSort2 (0ms)
		AwakeInstancesAfterBackupRestoration (7ms)
Refreshing native plugins compatible for Editor in 0.94 ms, found 2 plugins.
Preloading 0 native plugins for Editor in 0.00 ms.
Unloading 5470 Unused Serialized files (Serialized files now loaded: 0)
Unloading 22 unused Assets / (415.5 KB). Loaded Objects now: 6254.
Memory consumption went from 243.9 MB to 243.5 MB.
Total: 4.949541 ms (FindLiveObjects: 0.268750 ms CreateObjectMapping: 0.060542 ms MarkObjects: 4.459750 ms  DeleteObjects: 0.160000 ms)

Prepare: number of updated asset objects reloaded= 0
AssetImportParameters requested are different than current active one (requested -> active):
  custom:container-demuxer-ogg: 62fdf1f143b41e24485cea50d1cbac27 -> 
  custom:video-decoder-ogg-theora: a1e56fd34408186e4bbccfd4996cb3dc -> 
  custom:CustomObjectIndexerAttribute: 72b91833f83ae208fae7752999fa3104 -> 
  custom:container-demuxer-webm: 4f35f7cbe854078d1ac9338744f61a02 -> 
  custom:container-muxer-webm: aa71ff27fc2769a1b78a27578f13a17b -> 
  custom:video-decoder-webm-vp8: 9c59270c3fd7afecdb556c50c9e8de78 -> 
  custom:SearchIndexIgnoredProperties: e643bd26f0fe6173181afceb89e7c659 -> 
  custom:AudioImporter_EditorPlatform: 3918e3fc78b5a79bad01e8451be0beb8 -> 
  custom:framework-osx-AVFoundation: e770b220cccbd017edd2c1fefb359320 -> 
  custom:video-encoder-webm-vp8: eb34c28f22e8b96e1ab97ce403110664 -> 
  custom:audio-decoder-ogg-vorbis: bf7c407c2cedff20999df2af8eb42d56 -> 
  custom:audio-encoder-webm-vorbis: bf7c407c2cedff20999df2af8eb42d56 -> 
========================================================================
Received Prepare
Caller must complete domain reload
Begin MonoManager ReloadAssembly
Thread 0x16f597000 may have been prematurely finalized
- Loaded All Assemblies, in  1.537 seconds
Native extension for OSXStandalone target not found
Mono: successfully reloaded assembly
- Finished resetting the current domain, in  0.983 seconds
Domain Reload Profiling: 2523ms
	BeginReloadAssembly (819ms)
		ExecutionOrderSort (0ms)
		DisableScriptedObjects (32ms)
		BackupInstance (0ms)
		ReleaseScriptingObjects (4ms)
		CreateAndSetChildDomain (307ms)
	RebuildCommonClasses (23ms)
	RebuildNativeTypeToScriptingClass (7ms)
	initialDomainReloadingComplete (30ms)
	LoadAllAssembliesAndSetupDomain (659ms)
		LoadAssemblies (883ms)
		RebuildTransferFunctionScriptingTraits (0ms)
		AnalyzeDomain (84ms)
			TypeCache.Refresh (25ms)
				TypeCache.ScanAssembly (1ms)
			ScanForSourceGeneratedMonoScriptInfo (51ms)
			ResolveRequiredComponents (8ms)
	FinalizeReload (983ms)
		ReleaseScriptCaches (0ms)
		RebuildScriptCaches (0ms)
		SetupLoadedEditorAssemblies (293ms)
			LogAssemblyErrors (0ms)
			InitializePlatformSupportModulesInManaged (3ms)
			SetLoadedEditorAssemblies (3ms)
			RefreshPlugins (0ms)
			BeforeProcessingInitializeOnLoad (40ms)
			ProcessInitializeOnLoadAttributes (211ms)
			ProcessInitializeOnLoadMethodAttributes (35ms)
			AfterProcessingInitializeOnLoad (0ms)
			EditorAssembliesLoaded (0ms)
		ExecutionOrderSort2 (0ms)
		AwakeInstancesAfterBackupRestoration (6ms)
Refreshing native plugins compatible for Editor in 2.10 ms, found 2 plugins.
Preloading 0 native plugins for Editor in 0.00 ms.
Unloading 5471 Unused Serialized files (Serialized files now loaded: 0)
Unloading 22 unused Assets / (415.4 KB). Loaded Objects now: 6271.
Memory consumption went from 248.0 MB to 247.6 MB.
Total: 5.134250 ms (FindLiveObjects: 0.500042 ms CreateObjectMapping: 0.058750 ms MarkObjects: 4.422833 ms  DeleteObjects: 0.152209 ms)

Prepare: number of updated asset objects reloaded= 0
AssetImportParameters requested are different than current active one (requested -> active):
  custom:container-demuxer-ogg: 62fdf1f143b41e24485cea50d1cbac27 -> 
  custom:video-decoder-ogg-theora: a1e56fd34408186e4bbccfd4996cb3dc -> 
  custom:CustomObjectIndexerAttribute: 72b91833f83ae208fae7752999fa3104 -> 
  custom:container-demuxer-webm: 4f35f7cbe854078d1ac9338744f61a02 -> 
  custom:scripting/monoscript/fileName/playAnimation.cs: 983c197a51bf719f9c0d0ea371a2f591 -> 
  custom:container-muxer-webm: aa71ff27fc2769a1b78a27578f13a17b -> 
  custom:video-decoder-webm-vp8: 9c59270c3fd7afecdb556c50c9e8de78 -> 
  custom:SearchIndexIgnoredProperties: e643bd26f0fe6173181afceb89e7c659 -> 
  custom:AudioImporter_EditorPlatform: 3918e3fc78b5a79bad01e8451be0beb8 -> 
  custom:framework-osx-AVFoundation: e770b220cccbd017edd2c1fefb359320 -> 
  custom:video-encoder-webm-vp8: eb34c28f22e8b96e1ab97ce403110664 -> 
  custom:audio-decoder-ogg-vorbis: bf7c407c2cedff20999df2af8eb42d56 -> 
  custom:audio-encoder-webm-vorbis: bf7c407c2cedff20999df2af8eb42d56 -> 
  custom:scripting/precompiled-assembly-types:Assembly-CSharp: 770e37e65e48d0a7ae127e25b8854ff1 -> 741317f86756da078bfc050fadb9de81
========================================================================
Received Prepare
Caller must complete domain reload
Begin MonoManager ReloadAssembly
Thread 0x16f597000 may have been prematurely finalized
- Loaded All Assemblies, in  0.688 seconds
Native extension for OSXStandalone target not found
Mono: successfully reloaded assembly
- Finished resetting the current domain, in  0.877 seconds
Domain Reload Profiling: 1566ms
	BeginReloadAssembly (262ms)
		ExecutionOrderSort (0ms)
		DisableScriptedObjects (6ms)
		BackupInstance (0ms)
		ReleaseScriptingObjects (0ms)
		CreateAndSetChildDomain (66ms)
	RebuildCommonClasses (19ms)
	RebuildNativeTypeToScriptingClass (7ms)
	initialDomainReloadingComplete (15ms)
	LoadAllAssembliesAndSetupDomain (386ms)
		LoadAssemblies (478ms)
		RebuildTransferFunctionScriptingTraits (0ms)
		AnalyzeDomain (42ms)
			TypeCache.Refresh (12ms)
				TypeCache.ScanAssembly (0ms)
			ScanForSourceGeneratedMonoScriptInfo (20ms)
			ResolveRequiredComponents (9ms)
	FinalizeReload (877ms)
		ReleaseScriptCaches (0ms)
		RebuildScriptCaches (0ms)
		SetupLoadedEditorAssemblies (271ms)
			LogAssemblyErrors (0ms)
			InitializePlatformSupportModulesInManaged (2ms)
			SetLoadedEditorAssemblies (3ms)
			RefreshPlugins (0ms)
			BeforeProcessingInitializeOnLoad (37ms)
			ProcessInitializeOnLoadAttributes (197ms)
			ProcessInitializeOnLoadMethodAttributes (31ms)
			AfterProcessingInitializeOnLoad (0ms)
			EditorAssembliesLoaded (0ms)
		ExecutionOrderSort2 (0ms)
		AwakeInstancesAfterBackupRestoration (5ms)
Refreshing native plugins compatible for Editor in 0.80 ms, found 2 plugins.
Preloading 0 native plugins for Editor in 0.00 ms.
Unloading 5471 Unused Serialized files (Serialized files now loaded: 0)
Unloading 22 unused Assets / (415.5 KB). Loaded Objects now: 6287.
Memory consumption went from 252.2 MB to 251.8 MB.
Total: 3.415875 ms (FindLiveObjects: 0.258459 ms CreateObjectMapping: 0.056375 ms MarkObjects: 2.990833 ms  DeleteObjects: 0.109708 ms)

Prepare: number of updated asset objects reloaded= 0
AssetImportParameters requested are different than current active one (requested -> active):
  custom:container-demuxer-ogg: 62fdf1f143b41e24485cea50d1cbac27 -> 
  custom:video-decoder-ogg-theora: a1e56fd34408186e4bbccfd4996cb3dc -> 
  custom:CustomObjectIndexerAttribute: 72b91833f83ae208fae7752999fa3104 -> 
  custom:container-demuxer-webm: 4f35f7cbe854078d1ac9338744f61a02 -> 
  custom:scripting/monoscript/fileName/playAnimation.cs: 983c197a51bf719f9c0d0ea371a2f591 -> 
  custom:container-muxer-webm: aa71ff27fc2769a1b78a27578f13a17b -> 
  custom:video-decoder-webm-vp8: 9c59270c3fd7afecdb556c50c9e8de78 -> 
  custom:SearchIndexIgnoredProperties: e643bd26f0fe6173181afceb89e7c659 -> 
  custom:AudioImporter_EditorPlatform: 3918e3fc78b5a79bad01e8451be0beb8 -> 
  custom:framework-osx-AVFoundation: e770b220cccbd017edd2c1fefb359320 -> 
  custom:video-encoder-webm-vp8: eb34c28f22e8b96e1ab97ce403110664 -> 
  custom:audio-decoder-ogg-vorbis: bf7c407c2cedff20999df2af8eb42d56 -> 
  custom:audio-encoder-webm-vorbis: bf7c407c2cedff20999df2af8eb42d56 -> 
  custom:scripting/precompiled-assembly-types:Assembly-CSharp: 770e37e65e48d0a7ae127e25b8854ff1 -> 741317f86756da078bfc050fadb9de81
========================================================================
Received Prepare
Caller must complete domain reload
Begin MonoManager ReloadAssembly
Thread 0x16f597000 may have been prematurely finalized
- Loaded All Assemblies, in  0.803 seconds
Native extension for OSXStandalone target not found
Mono: successfully reloaded assembly
- Finished resetting the current domain, in  1.138 seconds
Domain Reload Profiling: 1944ms
	BeginReloadAssembly (370ms)
		ExecutionOrderSort (0ms)
		DisableScriptedObjects (13ms)
		BackupInstance (0ms)
		ReleaseScriptingObjects (0ms)
		CreateAndSetChildDomain (125ms)
	RebuildCommonClasses (30ms)
	RebuildNativeTypeToScriptingClass (11ms)
	initialDomainReloadingComplete (31ms)
	LoadAllAssembliesAndSetupDomain (364ms)
		LoadAssemblies (508ms)
		RebuildTransferFunctionScriptingTraits (0ms)
		AnalyzeDomain (34ms)
			TypeCache.Refresh (15ms)
				TypeCache.ScanAssembly (0ms)
			ScanForSourceGeneratedMonoScriptInfo (0ms)
			ResolveRequiredComponents (18ms)
	FinalizeReload (1139ms)
		ReleaseScriptCaches (0ms)
		RebuildScriptCaches (0ms)
		SetupLoadedEditorAssemblies (329ms)
			LogAssemblyErrors (0ms)
			InitializePlatformSupportModulesInManaged (3ms)
			SetLoadedEditorAssemblies (4ms)
			RefreshPlugins (0ms)
			BeforeProcessingInitializeOnLoad (45ms)
			ProcessInitializeOnLoadAttributes (240ms)
			ProcessInitializeOnLoadMethodAttributes (35ms)
			AfterProcessingInitializeOnLoad (1ms)
			EditorAssembliesLoaded (0ms)
		ExecutionOrderSort2 (0ms)
		AwakeInstancesAfterBackupRestoration (6ms)
Refreshing native plugins compatible for Editor in 1.82 ms, found 2 plugins.
Preloading 0 native plugins for Editor in 0.00 ms.
Unloading 5471 Unused Serialized files (Serialized files now loaded: 0)
Unloading 22 unused Assets / (414.9 KB). Loaded Objects now: 6303.
Memory consumption went from 256.4 MB to 256.0 MB.
Total: 6.461250 ms (FindLiveObjects: 0.764750 ms CreateObjectMapping: 0.072541 ms MarkObjects: 5.366667 ms  DeleteObjects: 0.256750 ms)

Prepare: number of updated asset objects reloaded= 0
AssetImportParameters requested are different than current active one (requested -> active):
  custom:container-demuxer-ogg: 62fdf1f143b41e24485cea50d1cbac27 -> 
  custom:video-decoder-ogg-theora: a1e56fd34408186e4bbccfd4996cb3dc -> 
  custom:CustomObjectIndexerAttribute: 72b91833f83ae208fae7752999fa3104 -> 
  custom:container-demuxer-webm: 4f35f7cbe854078d1ac9338744f61a02 -> 
  custom:scripting/monoscript/fileName/playAnimation.cs: 983c197a51bf719f9c0d0ea371a2f591 -> 
  custom:container-muxer-webm: aa71ff27fc2769a1b78a27578f13a17b -> 
  custom:video-decoder-webm-vp8: 9c59270c3fd7afecdb556c50c9e8de78 -> 
  custom:SearchIndexIgnoredProperties: e643bd26f0fe6173181afceb89e7c659 -> 
  custom:AudioImporter_EditorPlatform: 3918e3fc78b5a79bad01e8451be0beb8 -> 
  custom:framework-osx-AVFoundation: e770b220cccbd017edd2c1fefb359320 -> 
  custom:video-encoder-webm-vp8: eb34c28f22e8b96e1ab97ce403110664 -> 
  custom:audio-decoder-ogg-vorbis: bf7c407c2cedff20999df2af8eb42d56 -> 
  custom:audio-encoder-webm-vorbis: bf7c407c2cedff20999df2af8eb42d56 -> 
  custom:scripting/precompiled-assembly-types:Assembly-CSharp: 770e37e65e48d0a7ae127e25b8854ff1 -> 741317f86756da078bfc050fadb9de81
========================================================================
Received Prepare
Caller must complete domain reload
Begin MonoManager ReloadAssembly
Thread 0x16f597000 may have been prematurely finalized
- Loaded All Assemblies, in  1.216 seconds
Native extension for OSXStandalone target not found
Mono: successfully reloaded assembly
- Finished resetting the current domain, in  1.126 seconds
Domain Reload Profiling: 2346ms
	BeginReloadAssembly (530ms)
		ExecutionOrderSort (0ms)
		DisableScriptedObjects (52ms)
		BackupInstance (0ms)
		ReleaseScriptingObjects (0ms)
		CreateAndSetChildDomain (160ms)
	RebuildCommonClasses (31ms)
	RebuildNativeTypeToScriptingClass (10ms)
	initialDomainReloadingComplete (30ms)
	LoadAllAssembliesAndSetupDomain (619ms)
		LoadAssemblies (725ms)
		RebuildTransferFunctionScriptingTraits (0ms)
		AnalyzeDomain (34ms)
			TypeCache.Refresh (13ms)
				TypeCache.ScanAssembly (0ms)
			ScanForSourceGeneratedMonoScriptInfo (0ms)
			ResolveRequiredComponents (20ms)
	FinalizeReload (1126ms)
		ReleaseScriptCaches (0ms)
		RebuildScriptCaches (0ms)
		SetupLoadedEditorAssemblies (356ms)
			LogAssemblyErrors (0ms)
			InitializePlatformSupportModulesInManaged (3ms)
			SetLoadedEditorAssemblies (5ms)
			RefreshPlugins (0ms)
			BeforeProcessingInitializeOnLoad (51ms)
			ProcessInitializeOnLoadAttributes (246ms)
			ProcessInitializeOnLoadMethodAttributes (49ms)
			AfterProcessingInitializeOnLoad (1ms)
			EditorAssembliesLoaded (0ms)
		ExecutionOrderSort2 (0ms)
		AwakeInstancesAfterBackupRestoration (5ms)
Refreshing native plugins compatible for Editor in 2.06 ms, found 2 plugins.
Preloading 0 native plugins for Editor in 0.00 ms.
Unloading 5471 Unused Serialized files (Serialized files now loaded: 0)
Unloading 22 unused Assets / (415.2 KB). Loaded Objects now: 6319.
Memory consumption went from 260.7 MB to 260.3 MB.
Total: 7.470250 ms (FindLiveObjects: 0.534917 ms CreateObjectMapping: 0.055083 ms MarkObjects: 6.667709 ms  DeleteObjects: 0.211833 ms)

Prepare: number of updated asset objects reloaded= 0
AssetImportParameters requested are different than current active one (requested -> active):
  custom:container-demuxer-ogg: 62fdf1f143b41e24485cea50d1cbac27 -> 
  custom:video-decoder-ogg-theora: a1e56fd34408186e4bbccfd4996cb3dc -> 
  custom:CustomObjectIndexerAttribute: 72b91833f83ae208fae7752999fa3104 -> 
  custom:container-demuxer-webm: 4f35f7cbe854078d1ac9338744f61a02 -> 
  custom:scripting/monoscript/fileName/playAnimation.cs: 983c197a51bf719f9c0d0ea371a2f591 -> 
  custom:container-muxer-webm: aa71ff27fc2769a1b78a27578f13a17b -> 
  custom:video-decoder-webm-vp8: 9c59270c3fd7afecdb556c50c9e8de78 -> 
  custom:SearchIndexIgnoredProperties: e643bd26f0fe6173181afceb89e7c659 -> 
  custom:AudioImporter_EditorPlatform: 3918e3fc78b5a79bad01e8451be0beb8 -> 
  custom:framework-osx-AVFoundation: e770b220cccbd017edd2c1fefb359320 -> 
  custom:video-encoder-webm-vp8: eb34c28f22e8b96e1ab97ce403110664 -> 
  custom:audio-decoder-ogg-vorbis: bf7c407c2cedff20999df2af8eb42d56 -> 
  custom:audio-encoder-webm-vorbis: bf7c407c2cedff20999df2af8eb42d56 -> 
  custom:scripting/precompiled-assembly-types:Assembly-CSharp: 770e37e65e48d0a7ae127e25b8854ff1 -> 741317f86756da078bfc050fadb9de81
========================================================================
Received Prepare
Caller must complete domain reload
Begin MonoManager ReloadAssembly
Thread 0x16f597000 may have been prematurely finalized
- Loaded All Assemblies, in  0.894 seconds
Native extension for OSXStandalone target not found
Mono: successfully reloaded assembly
- Finished resetting the current domain, in  1.400 seconds
Domain Reload Profiling: 2300ms
	BeginReloadAssembly (422ms)
		ExecutionOrderSort (0ms)
		DisableScriptedObjects (24ms)
		BackupInstance (0ms)
		ReleaseScriptingObjects (1ms)
		CreateAndSetChildDomain (136ms)
	RebuildCommonClasses (23ms)
	RebuildNativeTypeToScriptingClass (8ms)
	initialDomainReloadingComplete (21ms)
	LoadAllAssembliesAndSetupDomain (426ms)
		LoadAssemblies (552ms)
		RebuildTransferFunctionScriptingTraits (0ms)
		AnalyzeDomain (46ms)
			TypeCache.Refresh (17ms)
				TypeCache.ScanAssembly (0ms)
			ScanForSourceGeneratedMonoScriptInfo (0ms)
			ResolveRequiredComponents (27ms)
	FinalizeReload (1401ms)
		ReleaseScriptCaches (0ms)
		RebuildScriptCaches (0ms)
		SetupLoadedEditorAssemblies (458ms)
			LogAssemblyErrors (0ms)
			InitializePlatformSupportModulesInManaged (9ms)
			SetLoadedEditorAssemblies (6ms)
			RefreshPlugins (0ms)
			BeforeProcessingInitializeOnLoad (55ms)
			ProcessInitializeOnLoadAttributes (334ms)
			ProcessInitializeOnLoadMethodAttributes (52ms)
			AfterProcessingInitializeOnLoad (1ms)
			EditorAssembliesLoaded (1ms)
		ExecutionOrderSort2 (0ms)
		AwakeInstancesAfterBackupRestoration (10ms)
Refreshing native plugins compatible for Editor in 2.22 ms, found 2 plugins.
Preloading 0 native plugins for Editor in 0.00 ms.
Unloading 5471 Unused Serialized files (Serialized files now loaded: 0)
Unloading 22 unused Assets / (415.6 KB). Loaded Objects now: 6335.
Memory consumption went from 264.9 MB to 264.5 MB.
Total: 11.168500 ms (FindLiveObjects: 1.021750 ms CreateObjectMapping: 0.117750 ms MarkObjects: 9.729250 ms  DeleteObjects: 0.298708 ms)

Prepare: number of updated asset objects reloaded= 0
AssetImportParameters requested are different than current active one (requested -> active):
  custom:container-demuxer-ogg: 62fdf1f143b41e24485cea50d1cbac27 -> 
  custom:video-decoder-ogg-theora: a1e56fd34408186e4bbccfd4996cb3dc -> 
  custom:CustomObjectIndexerAttribute: 72b91833f83ae208fae7752999fa3104 -> 
  custom:container-demuxer-webm: 4f35f7cbe854078d1ac9338744f61a02 -> 
  custom:scripting/monoscript/fileName/playAnimation.cs: 983c197a51bf719f9c0d0ea371a2f591 -> 
  custom:container-muxer-webm: aa71ff27fc2769a1b78a27578f13a17b -> 
  custom:video-decoder-webm-vp8: 9c59270c3fd7afecdb556c50c9e8de78 -> 
  custom:SearchIndexIgnoredProperties: e643bd26f0fe6173181afceb89e7c659 -> 
  custom:AudioImporter_EditorPlatform: 3918e3fc78b5a79bad01e8451be0beb8 -> 
  custom:framework-osx-AVFoundation: e770b220cccbd017edd2c1fefb359320 -> 
  custom:video-encoder-webm-vp8: eb34c28f22e8b96e1ab97ce403110664 -> 
  custom:audio-decoder-ogg-vorbis: bf7c407c2cedff20999df2af8eb42d56 -> 
  custom:audio-encoder-webm-vorbis: bf7c407c2cedff20999df2af8eb42d56 -> 
  custom:scripting/precompiled-assembly-types:Assembly-CSharp: 770e37e65e48d0a7ae127e25b8854ff1 -> 741317f86756da078bfc050fadb9de81
========================================================================
Received Prepare
Caller must complete domain reload
Begin MonoManager ReloadAssembly
Thread 0x16f597000 may have been prematurely finalized
- Loaded All Assemblies, in  0.562 seconds
Native extension for OSXStandalone target not found
Mono: successfully reloaded assembly
- Finished resetting the current domain, in  1.606 seconds
Domain Reload Profiling: 2170ms
	BeginReloadAssembly (234ms)
		ExecutionOrderSort (0ms)
		DisableScriptedObjects (4ms)
		BackupInstance (0ms)
		ReleaseScriptingObjects (0ms)
		CreateAndSetChildDomain (68ms)
	RebuildCommonClasses (27ms)
	RebuildNativeTypeToScriptingClass (11ms)
	initialDomainReloadingComplete (22ms)
	LoadAllAssembliesAndSetupDomain (270ms)
		LoadAssemblies (347ms)
		RebuildTransferFunctionScriptingTraits (0ms)
		AnalyzeDomain (50ms)
			TypeCache.Refresh (25ms)
				TypeCache.ScanAssembly (0ms)
			ScanForSourceGeneratedMonoScriptInfo (0ms)
			ResolveRequiredComponents (24ms)
	FinalizeReload (1606ms)
		ReleaseScriptCaches (0ms)
		RebuildScriptCaches (0ms)
		SetupLoadedEditorAssemblies (431ms)
			LogAssemblyErrors (0ms)
			InitializePlatformSupportModulesInManaged (4ms)
			SetLoadedEditorAssemblies (5ms)
			RefreshPlugins (0ms)
			BeforeProcessingInitializeOnLoad (60ms)
			ProcessInitializeOnLoadAttributes (321ms)
			ProcessInitializeOnLoadMethodAttributes (42ms)
			AfterProcessingInitializeOnLoad (1ms)
			EditorAssembliesLoaded (0ms)
		ExecutionOrderSort2 (0ms)
		AwakeInstancesAfterBackupRestoration (6ms)
Refreshing native plugins compatible for Editor in 2.40 ms, found 2 plugins.
Preloading 0 native plugins for Editor in 0.00 ms.
Unloading 5471 Unused Serialized files (Serialized files now loaded: 0)
Unloading 22 unused Assets / (414.9 KB). Loaded Objects now: 6351.
Memory consumption went from 269.2 MB to 268.8 MB.
Total: 7.774250 ms (FindLiveObjects: 0.462042 ms CreateObjectMapping: 0.069791 ms MarkObjects: 6.925834 ms  DeleteObjects: 0.314708 ms)

Prepare: number of updated asset objects reloaded= 0
AssetImportParameters requested are different than current active one (requested -> active):
  custom:container-demuxer-ogg: 62fdf1f143b41e24485cea50d1cbac27 -> 
  custom:video-decoder-ogg-theora: a1e56fd34408186e4bbccfd4996cb3dc -> 
  custom:CustomObjectIndexerAttribute: 72b91833f83ae208fae7752999fa3104 -> 
  custom:container-demuxer-webm: 4f35f7cbe854078d1ac9338744f61a02 -> 
  custom:scripting/monoscript/fileName/playAnimation.cs: 983c197a51bf719f9c0d0ea371a2f591 -> 
  custom:container-muxer-webm: aa71ff27fc2769a1b78a27578f13a17b -> 
  custom:video-decoder-webm-vp8: 9c59270c3fd7afecdb556c50c9e8de78 -> 
  custom:SearchIndexIgnoredProperties: e643bd26f0fe6173181afceb89e7c659 -> 
  custom:AudioImporter_EditorPlatform: 3918e3fc78b5a79bad01e8451be0beb8 -> 
  custom:framework-osx-AVFoundation: e770b220cccbd017edd2c1fefb359320 -> 
  custom:video-encoder-webm-vp8: eb34c28f22e8b96e1ab97ce403110664 -> 
  custom:audio-decoder-ogg-vorbis: bf7c407c2cedff20999df2af8eb42d56 -> 
  custom:audio-encoder-webm-vorbis: bf7c407c2cedff20999df2af8eb42d56 -> 
  custom:scripting/precompiled-assembly-types:Assembly-CSharp: 770e37e65e48d0a7ae127e25b8854ff1 -> 741317f86756da078bfc050fadb9de81
========================================================================
Received Prepare
Caller must complete domain reload
Begin MonoManager ReloadAssembly
Thread 0x16f597000 may have been prematurely finalized
- Loaded All Assemblies, in  0.454 seconds
Native extension for OSXStandalone target not found
Mono: successfully reloaded assembly
- Finished resetting the current domain, in  1.339 seconds
Domain Reload Profiling: 1797ms
	BeginReloadAssembly (146ms)
		ExecutionOrderSort (0ms)
		DisableScriptedObjects (4ms)
		BackupInstance (0ms)
		ReleaseScriptingObjects (0ms)
		CreateAndSetChildDomain (69ms)
	RebuildCommonClasses (26ms)
	RebuildNativeTypeToScriptingClass (8ms)
	initialDomainReloadingComplete (20ms)
	LoadAllAssembliesAndSetupDomain (256ms)
		LoadAssemblies (251ms)
		RebuildTransferFunctionScriptingTraits (0ms)
		AnalyzeDomain (34ms)
			TypeCache.Refresh (14ms)
				TypeCache.ScanAssembly (0ms)
			ScanForSourceGeneratedMonoScriptInfo (0ms)
			ResolveRequiredComponents (19ms)
	FinalizeReload (1340ms)
		ReleaseScriptCaches (0ms)
		RebuildScriptCaches (0ms)
		SetupLoadedEditorAssemblies (395ms)
			LogAssemblyErrors (0ms)
			InitializePlatformSupportModulesInManaged (4ms)
			SetLoadedEditorAssemblies (5ms)
			RefreshPlugins (0ms)
			BeforeProcessingInitializeOnLoad (54ms)
			ProcessInitializeOnLoadAttributes (288ms)
			ProcessInitializeOnLoadMethodAttributes (44ms)
			AfterProcessingInitializeOnLoad (1ms)
			EditorAssembliesLoaded (0ms)
		ExecutionOrderSort2 (0ms)
		AwakeInstancesAfterBackupRestoration (8ms)
Refreshing native plugins compatible for Editor in 1.06 ms, found 2 plugins.
Preloading 0 native plugins for Editor in 0.00 ms.
Unloading 5471 Unused Serialized files (Serialized files now loaded: 0)
Unloading 22 unused Assets / (415.0 KB). Loaded Objects now: 6367.
Memory consumption went from 273.4 MB to 273.0 MB.
Total: 4.552042 ms (FindLiveObjects: 0.275083 ms CreateObjectMapping: 0.065542 ms MarkObjects: 4.015542 ms  DeleteObjects: 0.195416 ms)

Prepare: number of updated asset objects reloaded= 0
AssetImportParameters requested are different than current active one (requested -> active):
  custom:container-demuxer-ogg: 62fdf1f143b41e24485cea50d1cbac27 -> 
  custom:video-decoder-ogg-theora: a1e56fd34408186e4bbccfd4996cb3dc -> 
  custom:CustomObjectIndexerAttribute: 72b91833f83ae208fae7752999fa3104 -> 
  custom:container-demuxer-webm: 4f35f7cbe854078d1ac9338744f61a02 -> 
  custom:scripting/monoscript/fileName/playAnimation.cs: 983c197a51bf719f9c0d0ea371a2f591 -> 
  custom:container-muxer-webm: aa71ff27fc2769a1b78a27578f13a17b -> 
  custom:video-decoder-webm-vp8: 9c59270c3fd7afecdb556c50c9e8de78 -> 
  custom:SearchIndexIgnoredProperties: e643bd26f0fe6173181afceb89e7c659 -> 
  custom:AudioImporter_EditorPlatform: 3918e3fc78b5a79bad01e8451be0beb8 -> 
  custom:framework-osx-AVFoundation: e770b220cccbd017edd2c1fefb359320 -> 
  custom:video-encoder-webm-vp8: eb34c28f22e8b96e1ab97ce403110664 -> 
  custom:audio-decoder-ogg-vorbis: bf7c407c2cedff20999df2af8eb42d56 -> 
  custom:audio-encoder-webm-vorbis: bf7c407c2cedff20999df2af8eb42d56 -> 
  custom:scripting/precompiled-assembly-types:Assembly-CSharp: 770e37e65e48d0a7ae127e25b8854ff1 -> 741317f86756da078bfc050fadb9de81
========================================================================
Received Prepare
Caller must complete domain reload
Begin MonoManager ReloadAssembly
Thread 0x16f597000 may have been prematurely finalized
- Loaded All Assemblies, in  0.892 seconds
Native extension for OSXStandalone target not found
Mono: successfully reloaded assembly
- Finished resetting the current domain, in  1.202 seconds
Domain Reload Profiling: 2098ms
	BeginReloadAssembly (400ms)
		ExecutionOrderSort (1ms)
		DisableScriptedObjects (11ms)
		BackupInstance (0ms)
		ReleaseScriptingObjects (0ms)
		CreateAndSetChildDomain (108ms)
	RebuildCommonClasses (25ms)
	RebuildNativeTypeToScriptingClass (11ms)
	initialDomainReloadingComplete (37ms)
	LoadAllAssembliesAndSetupDomain (423ms)
		LoadAssemblies (603ms)
		RebuildTransferFunctionScriptingTraits (0ms)
		AnalyzeDomain (45ms)
			TypeCache.Refresh (29ms)
				TypeCache.ScanAssembly (0ms)
			ScanForSourceGeneratedMonoScriptInfo (0ms)
			ResolveRequiredComponents (15ms)
	FinalizeReload (1202ms)
		ReleaseScriptCaches (0ms)
		RebuildScriptCaches (0ms)
		SetupLoadedEditorAssemblies (420ms)
			LogAssemblyErrors (0ms)
			InitializePlatformSupportModulesInManaged (3ms)
			SetLoadedEditorAssemblies (5ms)
			RefreshPlugins (0ms)
			BeforeProcessingInitializeOnLoad (53ms)
			ProcessInitializeOnLoadAttributes (318ms)
			ProcessInitializeOnLoadMethodAttributes (40ms)
			AfterProcessingInitializeOnLoad (1ms)
			EditorAssembliesLoaded (0ms)
		ExecutionOrderSort2 (0ms)
		AwakeInstancesAfterBackupRestoration (6ms)
Refreshing native plugins compatible for Editor in 1.08 ms, found 2 plugins.
Preloading 0 native plugins for Editor in 0.00 ms.
Unloading 5471 Unused Serialized files (Serialized files now loaded: 0)
Unloading 22 unused Assets / (415.5 KB). Loaded Objects now: 6383.
Memory consumption went from 277.4 MB to 277.0 MB.
Total: 8.375542 ms (FindLiveObjects: 0.432041 ms CreateObjectMapping: 0.062750 ms MarkObjects: 7.563209 ms  DeleteObjects: 0.317041 ms)

Prepare: number of updated asset objects reloaded= 0
AssetImportParameters requested are different than current active one (requested -> active):
  custom:container-demuxer-ogg: 62fdf1f143b41e24485cea50d1cbac27 -> 
  custom:video-decoder-ogg-theora: a1e56fd34408186e4bbccfd4996cb3dc -> 
  custom:CustomObjectIndexerAttribute: 72b91833f83ae208fae7752999fa3104 -> 
  custom:container-demuxer-webm: 4f35f7cbe854078d1ac9338744f61a02 -> 
  custom:scripting/monoscript/fileName/playAnimation.cs: 983c197a51bf719f9c0d0ea371a2f591 -> 
  custom:container-muxer-webm: aa71ff27fc2769a1b78a27578f13a17b -> 
  custom:video-decoder-webm-vp8: 9c59270c3fd7afecdb556c50c9e8de78 -> 
  custom:SearchIndexIgnoredProperties: e643bd26f0fe6173181afceb89e7c659 -> 
  custom:AudioImporter_EditorPlatform: 3918e3fc78b5a79bad01e8451be0beb8 -> 
  custom:framework-osx-AVFoundation: e770b220cccbd017edd2c1fefb359320 -> 
  custom:video-encoder-webm-vp8: eb34c28f22e8b96e1ab97ce403110664 -> 
  custom:audio-decoder-ogg-vorbis: bf7c407c2cedff20999df2af8eb42d56 -> 
  custom:audio-encoder-webm-vorbis: bf7c407c2cedff20999df2af8eb42d56 -> 
  custom:scripting/precompiled-assembly-types:Assembly-CSharp: 770e37e65e48d0a7ae127e25b8854ff1 -> 741317f86756da078bfc050fadb9de81
========================================================================
Received Prepare
Caller must complete domain reload
Begin MonoManager ReloadAssembly
Thread 0x16f597000 may have been prematurely finalized
- Loaded All Assemblies, in  0.707 seconds
Native extension for OSXStandalone target not found
Mono: successfully reloaded assembly
- Finished resetting the current domain, in  1.119 seconds
Domain Reload Profiling: 1827ms
	BeginReloadAssembly (213ms)
		ExecutionOrderSort (0ms)
		DisableScriptedObjects (5ms)
		BackupInstance (0ms)
		ReleaseScriptingObjects (0ms)
		CreateAndSetChildDomain (67ms)
	RebuildCommonClasses (21ms)
	RebuildNativeTypeToScriptingClass (7ms)
	initialDomainReloadingComplete (19ms)
	LoadAllAssembliesAndSetupDomain (448ms)
		LoadAssemblies (461ms)
		RebuildTransferFunctionScriptingTraits (0ms)
		AnalyzeDomain (85ms)
			TypeCache.Refresh (31ms)
				TypeCache.ScanAssembly (1ms)
			ScanForSourceGeneratedMonoScriptInfo (41ms)
			ResolveRequiredComponents (12ms)
	FinalizeReload (1119ms)
		ReleaseScriptCaches (0ms)
		RebuildScriptCaches (0ms)
		SetupLoadedEditorAssemblies (300ms)
			LogAssemblyErrors (0ms)
			InitializePlatformSupportModulesInManaged (8ms)
			SetLoadedEditorAssemblies (4ms)
			RefreshPlugins (0ms)
			BeforeProcessingInitializeOnLoad (45ms)
			ProcessInitializeOnLoadAttributes (204ms)
			ProcessInitializeOnLoadMethodAttributes (37ms)
			AfterProcessingInitializeOnLoad (1ms)
			EditorAssembliesLoaded (0ms)
		ExecutionOrderSort2 (0ms)
		AwakeInstancesAfterBackupRestoration (6ms)
Refreshing native plugins compatible for Editor in 2.01 ms, found 2 plugins.
Preloading 0 native plugins for Editor in 0.00 ms.
Unloading 5471 Unused Serialized files (Serialized files now loaded: 0)
Unloading 22 unused Assets / (415.5 KB). Loaded Objects now: 6399.
Memory consumption went from 281.8 MB to 281.4 MB.
Total: 49.897500 ms (FindLiveObjects: 1.309542 ms CreateObjectMapping: 0.200542 ms MarkObjects: 47.667708 ms  DeleteObjects: 0.717334 ms)

Prepare: number of updated asset objects reloaded= 0
AssetImportParameters requested are different than current active one (requested -> active):
  custom:container-demuxer-ogg: 62fdf1f143b41e24485cea50d1cbac27 -> 
  custom:video-decoder-ogg-theora: a1e56fd34408186e4bbccfd4996cb3dc -> 
  custom:CustomObjectIndexerAttribute: 72b91833f83ae208fae7752999fa3104 -> 
  custom:container-demuxer-webm: 4f35f7cbe854078d1ac9338744f61a02 -> 
  custom:scripting/monoscript/fileName/playAnimation.cs: 983c197a51bf719f9c0d0ea371a2f591 -> 
  custom:container-muxer-webm: aa71ff27fc2769a1b78a27578f13a17b -> 
  custom:video-decoder-webm-vp8: 9c59270c3fd7afecdb556c50c9e8de78 -> 
  custom:SearchIndexIgnoredProperties: e643bd26f0fe6173181afceb89e7c659 -> 
  custom:AudioImporter_EditorPlatform: 3918e3fc78b5a79bad01e8451be0beb8 -> 
  custom:framework-osx-AVFoundation: e770b220cccbd017edd2c1fefb359320 -> 
  custom:video-encoder-webm-vp8: eb34c28f22e8b96e1ab97ce403110664 -> 
  custom:audio-decoder-ogg-vorbis: bf7c407c2cedff20999df2af8eb42d56 -> 
  custom:audio-encoder-webm-vorbis: bf7c407c2cedff20999df2af8eb42d56 -> 
  custom:scripting/precompiled-assembly-types:Assembly-CSharp: 770e37e65e48d0a7ae127e25b8854ff1 -> 741317f86756da078bfc050fadb9de81
========================================================================
Received Prepare
Caller must complete domain reload
Begin MonoManager ReloadAssembly
Thread 0x16f597000 may have been prematurely finalized
- Loaded All Assemblies, in  0.680 seconds
Native extension for OSXStandalone target not found
Mono: successfully reloaded assembly
- Finished resetting the current domain, in  2.515 seconds
Domain Reload Profiling: 3202ms
	BeginReloadAssembly (226ms)
		ExecutionOrderSort (0ms)
		DisableScriptedObjects (5ms)
		BackupInstance (0ms)
		ReleaseScriptingObjects (0ms)
		CreateAndSetChildDomain (80ms)
	RebuildCommonClasses (38ms)
	RebuildNativeTypeToScriptingClass (8ms)
	initialDomainReloadingComplete (24ms)
	LoadAllAssembliesAndSetupDomain (389ms)
		LoadAssemblies (437ms)
		RebuildTransferFunctionScriptingTraits (0ms)
		AnalyzeDomain (37ms)
			TypeCache.Refresh (23ms)
				TypeCache.ScanAssembly (0ms)
			ScanForSourceGeneratedMonoScriptInfo (0ms)
			ResolveRequiredComponents (12ms)
	FinalizeReload (2517ms)
		ReleaseScriptCaches (0ms)
		RebuildScriptCaches (0ms)
		SetupLoadedEditorAssemblies (562ms)
			LogAssemblyErrors (0ms)
			InitializePlatformSupportModulesInManaged (8ms)
			SetLoadedEditorAssemblies (5ms)
			RefreshPlugins (0ms)
			BeforeProcessingInitializeOnLoad (65ms)
			ProcessInitializeOnLoadAttributes (421ms)
			ProcessInitializeOnLoadMethodAttributes (61ms)
			AfterProcessingInitializeOnLoad (1ms)
			EditorAssembliesLoaded (1ms)
		ExecutionOrderSort2 (0ms)
		AwakeInstancesAfterBackupRestoration (7ms)
Refreshing native plugins compatible for Editor in 5.85 ms, found 2 plugins.
Preloading 0 native plugins for Editor in 0.00 ms.
Unloading 5471 Unused Serialized files (Serialized files now loaded: 0)
Unloading 22 unused Assets / (415.5 KB). Loaded Objects now: 6415.
Memory consumption went from 285.9 MB to 285.5 MB.
Total: 18.335375 ms (FindLiveObjects: 1.379292 ms CreateObjectMapping: 0.099583 ms MarkObjects: 15.928667 ms  DeleteObjects: 0.927291 ms)

Prepare: number of updated asset objects reloaded= 0
AssetImportParameters requested are different than current active one (requested -> active):
  custom:container-demuxer-ogg: 62fdf1f143b41e24485cea50d1cbac27 -> 
  custom:video-decoder-ogg-theora: a1e56fd34408186e4bbccfd4996cb3dc -> 
  custom:CustomObjectIndexerAttribute: 72b91833f83ae208fae7752999fa3104 -> 
  custom:container-demuxer-webm: 4f35f7cbe854078d1ac9338744f61a02 -> 
  custom:scripting/monoscript/fileName/playAnimation.cs: 983c197a51bf719f9c0d0ea371a2f591 -> 
  custom:container-muxer-webm: aa71ff27fc2769a1b78a27578f13a17b -> 
  custom:video-decoder-webm-vp8: 9c59270c3fd7afecdb556c50c9e8de78 -> 
  custom:SearchIndexIgnoredProperties: e643bd26f0fe6173181afceb89e7c659 -> 
  custom:AudioImporter_EditorPlatform: 3918e3fc78b5a79bad01e8451be0beb8 -> 
  custom:framework-osx-AVFoundation: e770b220cccbd017edd2c1fefb359320 -> 
  custom:video-encoder-webm-vp8: eb34c28f22e8b96e1ab97ce403110664 -> 
  custom:audio-decoder-ogg-vorbis: bf7c407c2cedff20999df2af8eb42d56 -> 
  custom:audio-encoder-webm-vorbis: bf7c407c2cedff20999df2af8eb42d56 -> 
  custom:scripting/precompiled-assembly-types:Assembly-CSharp: 770e37e65e48d0a7ae127e25b8854ff1 -> 741317f86756da078bfc050fadb9de81
========================================================================
Received Prepare
Caller must complete domain reload
Begin MonoManager ReloadAssembly
Thread 0x16f597000 may have been prematurely finalized
- Loaded All Assemblies, in  0.515 seconds
Native extension for OSXStandalone target not found
Mono: successfully reloaded assembly
- Finished resetting the current domain, in  1.830 seconds
Domain Reload Profiling: 2348ms
	BeginReloadAssembly (194ms)
		ExecutionOrderSort (0ms)
		DisableScriptedObjects (5ms)
		BackupInstance (0ms)
		ReleaseScriptingObjects (0ms)
		CreateAndSetChildDomain (61ms)
	RebuildCommonClasses (26ms)
	RebuildNativeTypeToScriptingClass (7ms)
	initialDomainReloadingComplete (24ms)
	LoadAllAssembliesAndSetupDomain (266ms)
		LoadAssemblies (314ms)
		RebuildTransferFunctionScriptingTraits (0ms)
		AnalyzeDomain (40ms)
			TypeCache.Refresh (23ms)
				TypeCache.ScanAssembly (0ms)
			ScanForSourceGeneratedMonoScriptInfo (0ms)
			ResolveRequiredComponents (16ms)
	FinalizeReload (1831ms)
		ReleaseScriptCaches (0ms)
		RebuildScriptCaches (0ms)
		SetupLoadedEditorAssemblies (417ms)
			LogAssemblyErrors (0ms)
			InitializePlatformSupportModulesInManaged (5ms)
			SetLoadedEditorAssemblies (5ms)
			RefreshPlugins (0ms)
			BeforeProcessingInitializeOnLoad (49ms)
			ProcessInitializeOnLoadAttributes (303ms)
			ProcessInitializeOnLoadMethodAttributes (53ms)
			AfterProcessingInitializeOnLoad (1ms)
			EditorAssembliesLoaded (1ms)
		ExecutionOrderSort2 (0ms)
		AwakeInstancesAfterBackupRestoration (8ms)
Refreshing native plugins compatible for Editor in 2.76 ms, found 2 plugins.
Preloading 0 native plugins for Editor in 0.00 ms.
Unloading 5471 Unused Serialized files (Serialized files now loaded: 0)
Unloading 22 unused Assets / (415.5 KB). Loaded Objects now: 6431.
Memory consumption went from 290.2 MB to 289.8 MB.
Total: 6.806083 ms (FindLiveObjects: 0.495750 ms CreateObjectMapping: 0.072083 ms MarkObjects: 5.977958 ms  DeleteObjects: 0.259708 ms)

Prepare: number of updated asset objects reloaded= 0
AssetImportParameters requested are different than current active one (requested -> active):
  custom:container-demuxer-ogg: 62fdf1f143b41e24485cea50d1cbac27 -> 
  custom:video-decoder-ogg-theora: a1e56fd34408186e4bbccfd4996cb3dc -> 
  custom:CustomObjectIndexerAttribute: 72b91833f83ae208fae7752999fa3104 -> 
  custom:container-demuxer-webm: 4f35f7cbe854078d1ac9338744f61a02 -> 
  custom:scripting/monoscript/fileName/playAnimation.cs: 983c197a51bf719f9c0d0ea371a2f591 -> 
  custom:container-muxer-webm: aa71ff27fc2769a1b78a27578f13a17b -> 
  custom:video-decoder-webm-vp8: 9c59270c3fd7afecdb556c50c9e8de78 -> 
  custom:SearchIndexIgnoredProperties: e643bd26f0fe6173181afceb89e7c659 -> 
  custom:AudioImporter_EditorPlatform: 3918e3fc78b5a79bad01e8451be0beb8 -> 
  custom:framework-osx-AVFoundation: e770b220cccbd017edd2c1fefb359320 -> 
  custom:video-encoder-webm-vp8: eb34c28f22e8b96e1ab97ce403110664 -> 
  custom:audio-decoder-ogg-vorbis: bf7c407c2cedff20999df2af8eb42d56 -> 
  custom:audio-encoder-webm-vorbis: bf7c407c2cedff20999df2af8eb42d56 -> 
  custom:scripting/precompiled-assembly-types:Assembly-CSharp: 770e37e65e48d0a7ae127e25b8854ff1 -> 741317f86756da078bfc050fadb9de81
========================================================================
Received Prepare
Caller must complete domain reload
Begin MonoManager ReloadAssembly
Thread 0x16f597000 may have been prematurely finalized
- Loaded All Assemblies, in  2.313 seconds
Native extension for OSXStandalone target not found
Mono: successfully reloaded assembly
- Finished resetting the current domain, in  3.187 seconds
Domain Reload Profiling: 6172ms
	BeginReloadAssembly (680ms)
		ExecutionOrderSort (0ms)
		DisableScriptedObjects (13ms)
		BackupInstance (0ms)
		ReleaseScriptingObjects (1ms)
		CreateAndSetChildDomain (152ms)
	RebuildCommonClasses (56ms)
	RebuildNativeTypeToScriptingClass (21ms)
	initialDomainReloadingComplete (96ms)
	LoadAllAssembliesAndSetupDomain (2131ms)
		LoadAssemblies (1662ms)
		RebuildTransferFunctionScriptingTraits (0ms)
		AnalyzeDomain (201ms)
			TypeCache.Refresh (67ms)
				TypeCache.ScanAssembly (7ms)
			ScanForSourceGeneratedMonoScriptInfo (109ms)
			ResolveRequiredComponents (19ms)
	FinalizeReload (3188ms)
		ReleaseScriptCaches (0ms)
		RebuildScriptCaches (0ms)
		SetupLoadedEditorAssemblies (346ms)
			LogAssemblyErrors (0ms)
			InitializePlatformSupportModulesInManaged (9ms)
			SetLoadedEditorAssemblies (3ms)
			RefreshPlugins (0ms)
			BeforeProcessingInitializeOnLoad (45ms)
			ProcessInitializeOnLoadAttributes (250ms)
			ProcessInitializeOnLoadMethodAttributes (37ms)
			AfterProcessingInitializeOnLoad (1ms)
			EditorAssembliesLoaded (0ms)
		ExecutionOrderSort2 (0ms)
		AwakeInstancesAfterBackupRestoration (6ms)
Refreshing native plugins compatible for Editor in 4.34 ms, found 2 plugins.
Preloading 0 native plugins for Editor in 0.00 ms.
Unloading 5471 Unused Serialized files (Serialized files now loaded: 0)
Unloading 22 unused Assets / (415.4 KB). Loaded Objects now: 6447.
Memory consumption went from 294.5 MB to 294.1 MB.
Total: 29.378250 ms (FindLiveObjects: 4.578750 ms CreateObjectMapping: 0.529375 ms MarkObjects: 21.742166 ms  DeleteObjects: 2.527375 ms)

Prepare: number of updated asset objects reloaded= 0
AssetImportParameters requested are different than current active one (requested -> active):
  custom:container-demuxer-ogg: 62fdf1f143b41e24485cea50d1cbac27 -> 
  custom:video-decoder-ogg-theora: a1e56fd34408186e4bbccfd4996cb3dc -> 
  custom:CustomObjectIndexerAttribute: 72b91833f83ae208fae7752999fa3104 -> 
  custom:container-demuxer-webm: 4f35f7cbe854078d1ac9338744f61a02 -> 
  custom:scripting/monoscript/fileName/playAnimation.cs: 983c197a51bf719f9c0d0ea371a2f591 -> 
  custom:container-muxer-webm: aa71ff27fc2769a1b78a27578f13a17b -> 
  custom:video-decoder-webm-vp8: 9c59270c3fd7afecdb556c50c9e8de78 -> 
  custom:SearchIndexIgnoredProperties: e643bd26f0fe6173181afceb89e7c659 -> 
  custom:AudioImporter_EditorPlatform: 3918e3fc78b5a79bad01e8451be0beb8 -> 
  custom:framework-osx-AVFoundation: e770b220cccbd017edd2c1fefb359320 -> 
  custom:video-encoder-webm-vp8: eb34c28f22e8b96e1ab97ce403110664 -> 
  custom:audio-decoder-ogg-vorbis: bf7c407c2cedff20999df2af8eb42d56 -> 
  custom:audio-encoder-webm-vorbis: bf7c407c2cedff20999df2af8eb42d56 -> 
  custom:scripting/precompiled-assembly-types:Assembly-CSharp: 770e37e65e48d0a7ae127e25b8854ff1 -> 741317f86756da078bfc050fadb9de81
========================================================================
Received Prepare
Caller must complete domain reload
Begin MonoManager ReloadAssembly
Thread 0x16f597000 may have been prematurely finalized
- Loaded All Assemblies, in  0.565 seconds
Native extension for OSXStandalone target not found
Mono: successfully reloaded assembly
- Finished resetting the current domain, in  2.261 seconds
Domain Reload Profiling: 2829ms
	BeginReloadAssembly (183ms)
		ExecutionOrderSort (0ms)
		DisableScriptedObjects (3ms)
		BackupInstance (0ms)
		ReleaseScriptingObjects (0ms)
		CreateAndSetChildDomain (73ms)
	RebuildCommonClasses (27ms)
	RebuildNativeTypeToScriptingClass (7ms)
	initialDomainReloadingComplete (27ms)
	LoadAllAssembliesAndSetupDomain (323ms)
		LoadAssemblies (374ms)
		RebuildTransferFunctionScriptingTraits (0ms)
		AnalyzeDomain (20ms)
			TypeCache.Refresh (10ms)
				TypeCache.ScanAssembly (0ms)
			ScanForSourceGeneratedMonoScriptInfo (0ms)
			ResolveRequiredComponents (8ms)
	FinalizeReload (2261ms)
		ReleaseScriptCaches (0ms)
		RebuildScriptCaches (0ms)
		SetupLoadedEditorAssemblies (479ms)
			LogAssemblyErrors (0ms)
			InitializePlatformSupportModulesInManaged (6ms)
			SetLoadedEditorAssemblies (6ms)
			RefreshPlugins (0ms)
			BeforeProcessingInitializeOnLoad (52ms)
			ProcessInitializeOnLoadAttributes (361ms)
			ProcessInitializeOnLoadMethodAttributes (53ms)
			AfterProcessingInitializeOnLoad (1ms)
			EditorAssembliesLoaded (0ms)
		ExecutionOrderSort2 (0ms)
		AwakeInstancesAfterBackupRestoration (10ms)
Refreshing native plugins compatible for Editor in 1.71 ms, found 2 plugins.
Preloading 0 native plugins for Editor in 0.00 ms.
Unloading 5471 Unused Serialized files (Serialized files now loaded: 0)
Unloading 22 unused Assets / (415.4 KB). Loaded Objects now: 6463.
Memory consumption went from 298.5 MB to 298.1 MB.
Total: 31.098500 ms (FindLiveObjects: 2.925375 ms CreateObjectMapping: 0.654958 ms MarkObjects: 23.790875 ms  DeleteObjects: 3.726875 ms)

Prepare: number of updated asset objects reloaded= 0
AssetImportParameters requested are different than current active one (requested -> active):
  custom:container-demuxer-ogg: 62fdf1f143b41e24485cea50d1cbac27 -> 
  custom:video-decoder-ogg-theora: a1e56fd34408186e4bbccfd4996cb3dc -> 
  custom:CustomObjectIndexerAttribute: 72b91833f83ae208fae7752999fa3104 -> 
  custom:container-demuxer-webm: 4f35f7cbe854078d1ac9338744f61a02 -> 
  custom:scripting/monoscript/fileName/playAnimation.cs: 983c197a51bf719f9c0d0ea371a2f591 -> 
  custom:container-muxer-webm: aa71ff27fc2769a1b78a27578f13a17b -> 
  custom:video-decoder-webm-vp8: 9c59270c3fd7afecdb556c50c9e8de78 -> 
  custom:SearchIndexIgnoredProperties: e643bd26f0fe6173181afceb89e7c659 -> 
  custom:AudioImporter_EditorPlatform: 3918e3fc78b5a79bad01e8451be0beb8 -> 
  custom:framework-osx-AVFoundation: e770b220cccbd017edd2c1fefb359320 -> 
  custom:video-encoder-webm-vp8: eb34c28f22e8b96e1ab97ce403110664 -> 
  custom:audio-decoder-ogg-vorbis: bf7c407c2cedff20999df2af8eb42d56 -> 
  custom:audio-encoder-webm-vorbis: bf7c407c2cedff20999df2af8eb42d56 -> 
  custom:scripting/precompiled-assembly-types:Assembly-CSharp: 770e37e65e48d0a7ae127e25b8854ff1 -> 741317f86756da078bfc050fadb9de81
========================================================================
Received Import Request.
  Time since last request: 4742.158766 seconds.
  path: Assets/Character2_Horror 1.controller
  artifactKey: Guid(606b236d3df054742aabd20321b59ad2) Importer(815301076,1909f56bfc062723c751e8b465ee728b)
Start importing Assets/Character2_Horror 1.controller using Guid(606b236d3df054742aabd20321b59ad2) Importer(815301076,1909f56bfc062723c751e8b465ee728b) [PhysX] Initialized MultithreadedTaskDispatcher with 8 workers.
 -> (artifact id: 'd40294f101a101f65c72f9f496610d3b') in 0.575252 seconds
Number of updated asset objects reloaded before import = 0
Number of asset objects unloaded after import = 5
========================================================================
Received Import Request.
  Time since last request: 4.808538 seconds.
  path: Assets/Character2_JumpScare.anim
  artifactKey: Guid(71c27ccee49c94d3380fdb61bd0dda81) Importer(815301076,1909f56bfc062723c751e8b465ee728b)
Start importing Assets/Character2_JumpScare.anim using Guid(71c27ccee49c94d3380fdb61bd0dda81) Importer(815301076,1909f56bfc062723c751e8b465ee728b) [PhysX] Initialized MultithreadedTaskDispatcher with 8 workers.
 -> (artifact id: 'e23b02d00a052599e9277ba648eb913b') in 0.006165 seconds
Number of updated asset objects reloaded before import = 0
Number of asset objects unloaded after import = 1
========================================================================
Received Prepare
Caller must complete domain reload
Begin MonoManager ReloadAssembly
Thread 0x16f597000 may have been prematurely finalized
- Loaded All Assemblies, in  0.767 seconds
Native extension for OSXStandalone target not found
Mono: successfully reloaded assembly
- Finished resetting the current domain, in  2.506 seconds
Domain Reload Profiling: 3305ms
	BeginReloadAssembly (250ms)
		ExecutionOrderSort (0ms)
		DisableScriptedObjects (7ms)
		BackupInstance (0ms)
		ReleaseScriptingObjects (0ms)
		CreateAndSetChildDomain (116ms)
	RebuildCommonClasses (25ms)
	RebuildNativeTypeToScriptingClass (7ms)
	initialDomainReloadingComplete (13ms)
	LoadAllAssembliesAndSetupDomain (502ms)
		LoadAssemblies (496ms)
		RebuildTransferFunctionScriptingTraits (0ms)
		AnalyzeDomain (62ms)
			TypeCache.Refresh (25ms)
				TypeCache.ScanAssembly (0ms)
			ScanForSourceGeneratedMonoScriptInfo (0ms)
			ResolveRequiredComponents (36ms)
	FinalizeReload (2507ms)
		ReleaseScriptCaches (0ms)
		RebuildScriptCaches (0ms)
		SetupLoadedEditorAssemblies (589ms)
			LogAssemblyErrors (0ms)
			InitializePlatformSupportModulesInManaged (7ms)
			SetLoadedEditorAssemblies (8ms)
			RefreshPlugins (0ms)
			BeforeProcessingInitializeOnLoad (61ms)
			ProcessInitializeOnLoadAttributes (449ms)
			ProcessInitializeOnLoadMethodAttributes (62ms)
			AfterProcessingInitializeOnLoad (2ms)
			EditorAssembliesLoaded (1ms)
		ExecutionOrderSort2 (0ms)
		AwakeInstancesAfterBackupRestoration (11ms)
Refreshing native plugins compatible for Editor in 7.33 ms, found 2 plugins.
Preloading 0 native plugins for Editor in 0.00 ms.
Unloading 5471 Unused Serialized files (Serialized files now loaded: 0)
Unloading 22 unused Assets / (415.6 KB). Loaded Objects now: 6479.
Memory consumption went from 303.0 MB to 302.6 MB.
Total: 26.395958 ms (FindLiveObjects: 0.473458 ms CreateObjectMapping: 0.067708 ms MarkObjects: 25.158500 ms  DeleteObjects: 0.695792 ms)

Prepare: number of updated asset objects reloaded= 0
AssetImportParameters requested are different than current active one (requested -> active):
  custom:container-demuxer-ogg: 62fdf1f143b41e24485cea50d1cbac27 -> 
  custom:video-decoder-ogg-theora: a1e56fd34408186e4bbccfd4996cb3dc -> 
  custom:CustomObjectIndexerAttribute: 72b91833f83ae208fae7752999fa3104 -> 
  custom:container-demuxer-webm: 4f35f7cbe854078d1ac9338744f61a02 -> 
  custom:scripting/monoscript/fileName/playAnimation.cs: 983c197a51bf719f9c0d0ea371a2f591 -> 
  custom:container-muxer-webm: aa71ff27fc2769a1b78a27578f13a17b -> 
  custom:video-decoder-webm-vp8: 9c59270c3fd7afecdb556c50c9e8de78 -> 
  custom:SearchIndexIgnoredProperties: e643bd26f0fe6173181afceb89e7c659 -> 
  custom:AudioImporter_EditorPlatform: 3918e3fc78b5a79bad01e8451be0beb8 -> 
  custom:framework-osx-AVFoundation: e770b220cccbd017edd2c1fefb359320 -> 
  custom:video-encoder-webm-vp8: eb34c28f22e8b96e1ab97ce403110664 -> 
  custom:audio-decoder-ogg-vorbis: bf7c407c2cedff20999df2af8eb42d56 -> 
  custom:audio-encoder-webm-vorbis: bf7c407c2cedff20999df2af8eb42d56 -> 
  custom:scripting/precompiled-assembly-types:Assembly-CSharp: 770e37e65e48d0a7ae127e25b8854ff1 -> 741317f86756da078bfc050fadb9de81
